ad_id,link,listing_type,Scraped_date,Дүүрэг,Байршил,Үнэ,Шал,Тагт,Гараж,Цонх,Хаалга,Цонхнытоо,Барилгынявц,Ашиглалтандорсонон,Барилгындавхар,Талбай,Хэдэндавхарт,Лизингээравахболомж,Үзсэн,ӨрөөнийТоо,Зарыг гарчиг,Зарын тайлбар,Нийтэлсэн
c562fd706b39170d434e997d9c069094,https://www.unegui.mn/adv/9334504_bella-vista-izh-buren-tavilgatai-4-oroo-grazhtai/,rental,10/05/2025,УБ,"Хан-Уул, Bella Vista",8000000,Паркет,1 тагттай,Цонх:,Вакум,Бүргэд,3+1,N/A,2014,23,157 м²,19,N/A,Үзсэн:13,4 өрөө,N/A,🌾𝐅𝐎𝐑 𝐑𝐄𝐍𝐓 #𝐁𝐞𝐥𝐥𝐚 #𝐯𝐢𝐬𝐭𝐚 хотхонд 𝟏𝟓𝟕 мкв 𝟒 өрөө иж бүрэн тавилгатай орон сууцыг түрээслүүлнэ 🌾 Сарын төлбөр: 8 сая ₮ ( Ашиглалтын зардал + 𝟏 Гараж багтсан үнэ ) 𝟐𝟑/𝟏9 давхарт - Хойшоо болон Урагшаа харсан - 𝟏 зочны өрөө гал тогоо - 𝟏 мастер унтлагын өрөө - 𝟏 хүүхдийн өрөө - 𝟏 ажлын өрөө - 𝟐 ариун цэврийн өрөө,Өнөөдөр 00:04
587eed5fc328d402666859f97680ba13,https://www.unegui.mn/adv/9330135_10-r-khoroolold-khagas-tavilagatai-zasvar-khiisen-2-oroo-bair-tureesluulne/,rental,10/05/2025,УБ,"Баянгол, 10-р хороолол",1600000,Паркет,1 тагттай,Цонх:,Вакум,Төмөр вакум,3+1,N/A,2017,11,48 м²,4,N/A,Үзсэн:53,2 өрөө,N/A,"Засвар хийсэн, машины зогсоол сайтай, хороо, автобусны буудал,өрхийн эмнэлэгт ойр, урагшаа болон баруун харсан цонхтой орон сууцыг цэвэрхэн тохитой, цөөн ам бүлтэй айлд удаан хугацаагаар түрээслүүлнэ.",Өчигдөр 20:41
e2686c42723ba75cbda8108c4a5033c5,https://www.unegui.mn/adv/9334495_zaisand-400mkv-pentkhaus-tureesluulne/,rental,10/05/2025,УБ,"Хан-Уул, Зайсан",8000000,Паркет,2 тагттай,Цонх:,Төмөр вакум,Бүргэд,3+1,N/A,2013,5,400 м² м²,6,N/A,Үзсэн:19,5+ өрөө,N/A,"ХУД Зайсан толгойн урд , Рояал Грийн вилла хотхонд 400мкв 7 өрөө дүплекс түрээслүүлнэ. Үнэ: 8,000,000 төг | 3 Дулаан зогсоолто - 3+1 нөхцөлтэй - 400мкв 7 өрөө пентхаус байр - Зөвхөн гал тогооны тавилга цахилгаан бараатай - 6 давхарт том өрөө, ерөнхий гал тогоо болон туслах гал тогоо, 2 жижиг унтлагын өрөө, 1 ариун цэврийн өрөөтэй - 5 давхарт 3 унтлагын өрөө 2 ариун цэврийн өрөө, 1 ажлын эсвэл хувцасны өрөөтэй - Баруун, зүүн харсан харууцтай - 6/6 болон 5 давхарт - Ашиглалт сөх багтаагүй - Хоосон учир хямд түрээслүүлнэ",Өчигдөр 23:54
3779c190920a2233ed1f30e9fb9a455a,https://www.unegui.mn/adv/9163355_academy-2t-3-oroo-bair-tureesluulne/,rental,10/05/2025,УБ,"Хан-Уул, Хан-Уул, Хороо 18",2800000,Паркет,1 тагттай,Цонх:,Вакум,Вакум,6+1,N/A,2021,25+,70 м² м²,17,N/A,Үзсэн:482,3 өрөө,N/A,-Цонх баруун болон хойшоо стадион харсан гоё харууцтай -Маш сайн СӨХ-тэй -Засвар хийсэн -Цэвэрхэн байр удаан хугацаагаар түрээслүүлнэ -Агенттай хамтарч ажиллахгүй,Өнөөдөр 08:00
2,https://www.unegui.mn/adv/9334584_bzd-avto-onoshlogoony-derged-tseverkhen-30m2/,rental,10/05/2025,УБ,"Баянзүрх, Чулуун овоо",950000,Паркет,1 тагттай,Цонх:,Вакум,Бүргэд,3+1,N/A,2022,16,30 м² м²,13,N/A,Үзсэн:165,1 өрөө,N/A,"БЗД авто оношлогооны дэргэд төв замтай болон бүх үйлчилгээтэй ойрхон 30м2 дуу чимээгүй зүүн харсан том тагттай, цэвэрхэн 1 өрөөг удаан хугацаагаар (3+1)",Өнөөдөр 03:02
a15c3639a80eb88e82592d767188f632,https://www.unegui.mn/adv/9280160_buiant-ukhaa-sport-ordny-baruun-urd-lacolina-khotkhond-2-oroo-bair-tureesluulne/,rental,10/05/2025,УБ,"Хан-Уул, Нисэх",1300000,Паркет,1 тагттай,Цонх:,Вакум,Бүргэд,6+1,N/A,2024,9,46 м²,6,N/A,Үзсэн:595,2 өрөө,N/A,"Буянт ухаа спорт ордны баруун урд la colina хотхонд 46м2 2өрөө шинэ байр 12+1 1,3сая, 6+1 1,4сая нөхцөлтэй түрээслүүлнэ. Аюулгүй Хүүхдийн тоглоомын талбайтай.",Өчигдөр 14:44
0c2ab625eb79ca77389db0aad8f7a800,https://www.unegui.mn/adv/9332567_xotiin-a-busd-amerik-elchingiin-urd-selbe-goliin-zuun-tald-buren-tavilgatai/,rental,10/05/2025,УБ,"Баянзүрх, Баянзүрх, Хороо 1",1300000,Паркет,1 тагттай,Цонх:,Вакум,Вакум,2+1,N/A,2011,12,27 м²,7,N/A,Үзсэн:113,1 өрөө,N/A,Xotiin A busd Amerik elchingiin urd selbe goliin zuun tald bairlaltai buren tavilgatai,Өчигдөр 14:00
d083384afd318144cd107812d9fd6f36,https://www.unegui.mn/adv/9186251_baga-toiruu-5-r-surguuliin-urd-4-oroo-bair/,rental,10/05/2025,УБ,"Чингэлтэй, 5-р сургуулийн ойролцоо",2400000,Паркет,1 тагттай,Цонх:,Вакум,Төмөр вакум,4+1,N/A,1980,3,80 м² м²,2,N/A,Үзсэн:71,4 өрөө,N/A,Хотын төвд 5-р сургуулийн урд 3 яамны хажууд Бүрэн тавилгатай 4 өрөө байрыг удаан хугацаагаар тзрээслүүлнэ. Зууч биш,Өчигдөр 12:15
9ad9867fd3000c8c979e4679727779ea,https://www.unegui.mn/adv/8940956_khoroollyn-etssiin-imartyn-khazhuud-oneroom-turees/,rental,10/05/2025,УБ,"Баянгол, 3, 4 хороолол",600000,Паркет,Тагтгүй,Цонх:,Вакум,Вакум,1+1,N/A,2024,3,20 м² м²,3,N/A,Үзсэн:20626,Хажуу өрөө түрээслүүлнэ,N/A,"Улаанбаатар Сүлжээ Хостелийн салбар Хорооллын эцсийн Имартын хажууд нээгдлээ. Дотроо дундах АЦӨ, 00, угаалгын машин, гал тогоотой бөгөөд өрөө бүр бүрэн тохижилттой, цоожтой. Маш дулаахан, тохилог бас бүх юмтайгаа ойр шүү. Цөөхөн өрөө үлдсэн.",Өчигдөр 12:11
8e8afa4a54330df887d5a2a36f898a59,https://www.unegui.mn/adv/9293504_shoniin-zakhyn-esreg-baiar-negun-1oroo-bair/,rental,10/05/2025,УБ,"Баянзүрх, Бага дарь-Эх",1500000,Паркет,Тагтгүй,Цонх:,Вакум,Төмөр,6+1,N/A,2015,12,32 м²,5,N/A,Үзсэн:114,1 өрөө,N/A,"Бзд Шөнийн зах баруун талд ""Баярнэгүн” хотхонд 5н давхарт 1өрөө 36m2 засвар Шинээр Хийсэн тавилгатай байр түрээслүүлнэ. Түрээс 6сараар. 1сар барьцаа авна.",Өчигдөр 11:41
31909bf2aa945bf516dc4051a1ecba74,https://www.unegui.mn/adv/9195490_seven-star-d-shine-tavilgatai-2-mashiny-dulaan-zogsooltoi-3-oroo-bair/,rental,10/05/2025,УБ,"Хан-Уул, Зайсан",3200000,Паркет,1 тагттай,Цонх:,Вакум,Бүргэд,3+1,N/A,2025,15,90 м² м²,15,N/A,Үзсэн:257,3 өрөө,N/A,♦️ 2 машины дулаан зогсоолтой ♦️ 3+1 нөхцөлөөр түрээслүүлнэ ♦️ Мастер bedroom-тэй ♦️ Цонхны байрлал дандаа нар тусна ♦️ Үзэгдэх орчин үнэхээр гоё ♦️ Бүх тавилга шинэ ♦️ 2 машины дулаан зогсоолтой,Өчигдөр 11:09
078496a390390eccb9a41e7f2450a743,https://www.unegui.mn/adv/9332067_tsengeldekh-khotkhond-4oroo-oron-suuts-udaan-khugatsaagaar-tureeluulne/,rental,10/05/2025,УБ,"Хан-Уул, Хан-Уул, Хороо 15",4500000,Паркет,1 тагттай,Цонх:,Вакум,Бүргэд,3+1,N/A,2020,23,117 м²,7,N/A,Үзсэн:20,4 өрөө,N/A,"ХУД-ийн 18-р хороо,'Цэнгэлдэх' хотхонд #4өрөө орон сууц удаан хугацаагаар түрээслүүлнэ. ✅Нэмэлт мэдээлэл *Талбайн хэмжээ: 117 мвк *Давхар: 23/7 *Цонх: Зүүн болон урагшаа хойшоо харсан 5 цонхтой маш гоё харагдацтай. *Бүх үйлчилгээндээ ойр * Бүрэн тавилгатай 2 тагттай * Гражтай тусдаа Төлбөрийн нөхцөл 3+1",Өчигдөр 10:32
7aa1fbb06a1e525c5eb1af6f45aac35a,https://www.unegui.mn/adv/9321738_1oroo-bair-udaan-khugatsaagaar-tureesluulne/,rental,10/05/2025,УБ,"Баянгол, Алтай хотхон",1000000,Паркет,1 тагттай,Цонх:,Вакум,Бүргэд,3+1,N/A,2015,12,33 м²,1,N/A,Үзсэн:426,1 өрөө,N/A,Алтай хотхонд 1 өрөө байрыг удаан хугацаагаар түрээслүүлнэ. өвөлдөө дулаахан. төлбөрийг 3+1 нөхцлөөр авна.,Өчигдөр 10:03
d09e50f3b704ab98172d0a849824d625,https://www.unegui.mn/adv/9220832_bzd-1-r-khoroo-sansart-angli-surguuliin-baruun-urd-buren-tavilgatai-4-oroo/,rental,10/05/2025,УБ,"Баянзүрх, Сансар",3500000,Паркет,1 тагттай,Цонх:,Вакум,Бүргэд,3+1,N/A,2012,10,1 м²,8,N/A,Үзсэн:11,4 өрөө,N/A,"⛩️ БЗД, 1-р хороо Сансарт Англи сургуулийн баруун урд бүрэн тавилагатай мастертай 4 өрөө түрээслүүлнэ. 💰түрээслэх үнэ 3,5сая /3+1/ - 10/8 давхарт - зүүн болон хойшоо - 2014 он - харанхуй өрөөтэй - 1 Машины гаражтай Байршил : Сансарт ,Golden vill хотхоны хойно",Өчигдөр 08:02
7832bcd3f73737be51d8ad1c913b09a9,https://www.unegui.mn/adv/9224391_sbd-tsirkiin-khazhuud-1-oroo/,rental,10/05/2025,УБ,"Сүхбаатар, 220 мянгат",1500000,Паркет,1 тагттай,Цонх:,Вакум,Бүргэд,3+1,N/A,2015,5,40 м² м²,3,N/A,Үзсэн:171,1 өрөө,N/A,СБД Циркийн хажууд 1 өрөө түрээслүүлнэ Хотын төвдөө Гал тогоо тусдаа Давхар 5/5 Талбай 40 мк Нөхцөл 3+1/1500,Өчигдөр 08:20
1,https://www.unegui.mn/adv/9308365_khoroolold-2-oroo-bair-tureesluulne-3-1/,rental,10/05/2025,УБ,"Баянгол, Баянгол, Хороо 8",1500000,Паркет,1 тагттай,Цонх:,Вакум,Бүргэд,3+1,N/A,2016,12,"45,5 м²",3,N/A,Үзсэн:136,2 өрөө,N/A,"Хороолол голын зам дагуу цэвэрхэн, засвар хийсэн, сургууль цэцэрлэгтэй ойр байр түрээслүүлнэ. Бүргэд хаалга, обжур бүгд шинэ. Төлбөрийн нөхцөл 3+1 барьцаа",2025-05-08 20:21
0103fe4c5a604a3a4470810c61ad8737,https://www.unegui.mn/adv/9330454_altai-hothonii-esteg-tald-hos-dali-hothond-2-oroo-bair-urt-hugatsaagaar-tureeslu/,rental,10/05/2025,УБ,"Баянгол, Нарны хороолол",1500000,Паркет,1 тагттай,Цонх:,Вакум,Бүргэд,3+1,N/A,2023,16,56.5 м²,9,N/A,Үзсэн:130,2 өрөө,N/A,Altai hothonii esteg tald Hos dali hothon 2 oroo bair urt hugatsaagaar tureesluulne.,Өчигдөр 06:43
099b9688b527d466ae732598379bb802,https://www.unegui.mn/adv/9315315_120-miangat-d-tseverkhen-khazhuu-oroogoo-tureeslene/,rental,10/05/2025,УБ,"Хан-Уул, 120 мянгат",600000,Паркет,Тагтгүй,Цонх:,Вакум,Бүргэд,Тохиролцоно,N/A,2018,16,20 м² м²,4,N/A,Үзсэн:289,Хажуу өрөө түрээслүүлнэ,N/A,"эхний удаа 2 сарын түрээс+ барьцаа 300к дараа нь сар сардаа өгөөд явж болно. ❕Ганц бие ажил хийдэг цэвэрч нямбай эмэгтэй хүнд түрээслүүлнэ 🌁Цэвэрхэн, урагшаа наран талруу харсан цонхтой сөх, интернэт , ус , тог цахилгаан орсон",2025-05-08 16:19
3e8f8177116ca3bdf11ad038a5d86fbd,https://www.unegui.mn/adv/9193577_sansart-buren-tavilgatai-zasvar-khiigdsen-3oroo/,rental,10/05/2025,УБ,"Баянзүрх, Сансар",1700000,Паркет,2 тагттай,Цонх:,Вакум,Бүргэд,1+1,N/A,2018,12,62 м²,4,N/A,Үзсэн:97,3 өрөө,N/A,Бүрэн тавилгатай 3өрөө. 2полконтой. Автобусны буудал цэцэрлэг сургуультай маш ойрхон. цэвэрхэн суух гэр бүл эсвэл оюутан охидод удаан хугацаагаар хөлслүүлнэ.,2025-05-08 16:07
9545e28c1c63d145096775c4ee668076,https://www.unegui.mn/adv/9318793_time-square-511-baikh-4-oroo-bair-tureesluulne-saryn-4-saia/,rental,10/05/2025,УБ,"Хан-Уул, River Garden",5000000,Паркет,1 тагттай,Цонх:,Вакум,Төмөр вакум,3+1,N/A,2018,16,139 м²,11,N/A,Үзсэн:46,4 өрөө,N/A,Сарын түрээс : 5'000’000₮ * Төлбөрийн нөхцөл 3+1 * Удаан хугацаанд суух хүнд боломжтой * 16/11 давхарт * 147.9 м.кв * Ашиглалтын зардал тусдаа,2025-05-08 15:53
1cc2048ff1d14e57f3c90bebe91fa944,https://www.unegui.mn/adv/8488974_emegtei-khosteld-or-tureesluulne/,rental,10/05/2025,УБ,"Баянзүрх, 13-р хороолол",250000,Паркет,1 тагттай,Цонх:,Вакум,Бүргэд,Тохиролцоно,N/A,1999,6,70 м² м²,4,N/A,Үзсэн:1640,Хажуу өрөө түрээслүүлнэ,N/A,"Баянзүрх дүүрэг, 13-р хороолол бүрэн тохижилттэй эмэгтэй хостелд ор түрээслүүлнэ. (Өрөөндөө 2,4,6-уулаа байх боломжтой)хэрэглээний зардал багтсан. Бага Барьцаатай, Сар сардаа төлбөрөө өгөх боломжтой,Шууд орох боломжтой, 1 сар, 3+ сар, 6+ сар, 12сар гм. Өндөр хурдний интэрнэт Гал тогооны бүх цахилгаан хэрэгсэл, Угаалгын машин Аюулгүй харуул хамгаалалт камер Цагийн хязгаарлалтгүй Цэвэр тав тухтай орчин таныг хүлээж байна.",2025-05-08 15:25
0a660479894f857ff6a94fde02cd6f12,https://www.unegui.mn/adv/8521026_emegtei-khosteld-or-tureesluulne/,rental,10/05/2025,УБ,"Хан-Уул, 19-р хороолол",250000,Паркет,1 тагттай,Цонх:,Вакум,Бүргэд,N/A,N/A,2000,5,80 м² м²,4,N/A,Үзсэн:86,Хажуу өрөө түрээслүүлнэ,N/A,"Хан-Уул дүүрэг, 19 үйлчилгээний төвийн зүүн хойд талд байрлах бүрэн тохижилттэй эмэгтэй хостелд ор түрээслүүлнэ. (Өрөөндөө 2,6-уулаа байх боломжтой)хэрэглээний зардал багтсан. Бага Барьцаатай, Сар сардаа төлбөрөө төлнө,Шууд орох боломжтой, 1 сар, 3+ сар, 6+ сар, 12сар гм. Өндөр хурдний интэрнэт Гал тогооны бүх цахилгаан хэрэгсэл, Угаалгын машин Аюулгүй харуул хамгаалалт камер Цагийн хязгаарлалтгүй Цэвэр тав тухтай орчин таныг хүлээж байна.",2025-05-08 15:25
1f6f216e5368c011bd334cdf67ef7596,https://www.unegui.mn/adv/9330203_3-oroo-tureesluulne/,rental,10/05/2025,УБ,"Хан-Уул, Яармаг",2800000,Паркет,1 тагттай,Цонх:,Төмөр вакум,Төмөр,3+1,N/A,2021,10,80 м² м²,9,N/A,Үзсэн:45,3 өрөө,N/A,ХУДүүрэг Яармагт Шинэ Монгол Харүмафүжи сургуулийн хажууд маш цэвэрхэн 3 өрөө байр түрээслүүлнэ.,2025-05-08 15:49
d46aa4de51bcbe1e82d9fb529e0fa0d2,https://www.unegui.mn/adv/9330087_tsirkiin-baruun-tald-4-oroo-tureesluulne/,rental,10/05/2025,УБ,"Сүхбаатар, Сүхбаатар, Хороо 1",6500000,Паркет,1 тагттай,Цонх:,Төмөр вакум,Бүргэд,3+1,N/A,2022,25+,117 м²,13,N/A,Үзсэн:20,4 өрөө,N/A,📍Time classic tower Циркийн баруун талд 117 мкв 4 өрөө бүрэн тавилгатай байр түрээслүүлнэ. -25/13 давхарт - Сарын 6.5 сая 3+1 - Урсгал зардал+зогсоол шингэсэн үнэ 1 сарын 7.5 сая 3+1,2025-05-08 15:20
0455f17ebe5b7e39f8e9facae464cd9f,https://www.unegui.mn/adv/9311935_altargana-khotkhond-2-oroo-bair-tureesluulne/,rental,10/05/2025,УБ,"Хан-Уул, Хан-Уул, Хороо 3",2000000,Паркет,1 тагттай,Цонх:,Вакум,Бүргэд,3+1,N/A,2023,14,69 м²,9,N/A,Үзсэн:145,2 өрөө,N/A,"ХУД 3-р хороо Алтаргана хотхон 2 өрөө байр түрээслүүлнэ. -68,8 мкв -14/9 давхарт -Гал тогооны тавилгатай -Урагшаа болон баруун харууцтай -Авто зогсоолтой ✅Байрныхаа доор Сөх, Контор, Өрхийн эмнэлэг , Хороо нь байрладаг. -Түрээсийн нөхцөл 3+1 2,000,000₮ зогсоолын үнэ багтсан -Тавилгажуулж болно үнэ өөрчлөгдөнө",2025-05-08 14:45
07b66c4808ac6bcd264710694c3f062e,https://www.unegui.mn/adv/9172111_khoroolold-3-oroo-tureesluulene/,rental,10/05/2025,УБ,"Баянгол, 3, 4 хороолол",2500000,Паркет,1 тагттай,Цонх:,Вакум,Төмөр,3+1,N/A,2016,9,86 м²,5,N/A,Үзсэн:18,3 өрөө,N/A,🎯Хороолол 𝕆𝕕 𝕔𝕚𝕟𝕖𝕞𝕒 хойно 2 өрөө түрээслүүлэнэ - 9/5 урагш хойш - Бүрэн тавилгатай - Түрээслүүлж байгаагүй - Хойш болон урагш харууцтай Ганьтын 9 давхар Түрээс | 2.5сая | 3+1,2025-05-08 13:24
e095b64110cd100d7b768d3686da0202,https://www.unegui.mn/adv/8545259_buren-tokhizhilttoi-shine-bairand/,rental,10/05/2025,УБ,"Баянзүрх, Зүүн 4 зам",199330,Паркет,1 тагттай,Цонх:,Вакум,Бүргэд,Барьцаа байхгүй,N/A,2024,7,70 м² м²,5,N/A,Үзсэн:8325,Хажуу өрөө түрээслүүлнэ,N/A,"13-т ойр автобусны буудалд ойр 2024 онд ашиглалтад орсон цоо шинэ хотхонд бүрэн тохижилттой орон сууцанд эмэгтэй хүн оруулна Нэр: Zhukov-Жуков Дүүрэг: БЗД Хороо: 4 Шуудангийн индекс: 13344 Давхар: 5 Орон сууцны давхар: 7 Өрөөний тоо: 3 Цонхны тоо: 4 Тагт: 1 Ариун цэврийн өрөөний тоо: 1 Орон сууц ашиглалтад орсон он: 2024 Үнэгүй ашиглаж болох Өрөөнийхөнтэйгээ: -Толь -Шкаф -Ширээ -Сандал Бусад өрөөнийхөнтэйгээ: -Шинэ гал тогооны тавилга -Том ариун цэврийн өрөө -Том үүдний өлгүүрүүд -Үүдний шкаф, ширээ -Ашиглалт+СӨХ+Цахилгаан 400К хүртэл -Өндөр хурдны интэрнэт -IPTV -Бүрэн автомат угаалгын машин -Хөргөгч -Тавцан плитка -Индүү -Индүү суурь -Хатаагч -Будаа агшаагч -Ус буцалгагч -Цаг... гэх мэт бусад олон зүйлс Хотхон дотроо: -Дэлгүүртэй Ойролцоо: -Орос 14-р сургууль -Плехановын сургууль -Жуков зах -Зүүн дөрвөн зам -NEW Olympic Stadium -Жуковын талбай -13, Багшийн дээд... гэх мэтэд ойр",2025-05-08 13:23
348062cc0f82e62a464a26cb1ec66a12,https://www.unegui.mn/adv/7677067_tsambagarav-tov-zam-daguu-buren-tokhizhilttoi-emegtei-khostel-1-r-khoroolol/,rental,10/05/2025,УБ,"Сонгинохайрхан, 1-р хороолол",199330,Паркет,Тагтгүй,Цонх:,Вакум,Бүргэд,Барьцаа байхгүй,N/A,2016,12,76.50 м²,7,N/A,Үзсэн:3315,Хажуу өрөө түрээслүүлнэ,N/A,"Хархоринд төв зам дагуу, автобусны буудлын дэргэдэх хотхонд бүрэн тохижилттой орон сууцанд эмэгтэй хүнд хөлслүүлнэ Хотхоны нэр: Москва 47 Дүүрэг: Баянгол Хороо: 20 Шуудангийн индекс: 16100 Гудамж: Москвагийн гудамж Автобусны буудал: Хархорин Давхар: 7 Орон сууцны давхар: 12 Өрөөний тоо: 3 Цонхны тоо: 6 Ариун цэврийн өрөөний тоо: 1 Орон сууц ашиглалтад орсон он: 2016 Үнэгүй ашиглах Бусад өрөөнийхөнтэй хамт: -Гал гооны тавилга -Том ариун цэврийн өрөө -Том үүдний өлгүүр, шүүгээ -Ширээ, сандалууд -Ашиглалт+СӨХ+Цахилгаан 400К хүртэл -Өндөр хурдны интэрнэт -IPTV -Бүрэн автомат угаалгын машин -Хөргөгч -Плитка -Индүү -Индүү суурь -Хатаагч -Будаа агшаагч -Ус буцалгагч -Цаг... гэх мэт бусад олон зүйлс Хотхон дотроо: -Дэлгүүр -Гадна тоглоомын талбай -Чиптэй автозогсоол Дэргэдээ: -Хархорин зах -Эрин эверест олон улсын сургууль -Авто оншилгооны төв Ойролцоо: -Пицца хат -БГД 29-р хороо -Мастер авто центр -Нацагдоржийн номын сан, Цамбагарав салбар ... гэх мэт ойр байрладаг",2025-05-08 13:22
501d13877e1fbdbca367818d362ae057,https://www.unegui.mn/adv/8491829_shangrila-okhid-emegteichuudiin-bair-khostel/,rental,10/05/2025,УБ,"Хан-Уул, Хан-Уул, Хороо 15",199330,Паркет,Тагтгүй,Цонх:,Вакум,Бүргэд,Барьцаа байхгүй,N/A,2024,16,72.20 м²,3,N/A,Үзсэн:7979,Хажуу өрөө түрээслүүлнэ,N/A,"Шангрилад ойр голын эрэг дагуух тансаг зэрэглэлийн хотхонд бүрэн тохижилттой байранд эмэгтэй хүнд хөлслүүлнэ Хотхоны нэр: RIVER VILLA Дүүрэг: Хан-Уул Хороо: 15 Шуудангийн индекс: 17009 Давхар: 3 Орон сууцны давхар: 16 Өрөөний тоо: 3 Цонхны тоо: 2 Ариун цэврийн өрөөний тоо: 1 Орон сууц ашиглалтад орсон он: 2021 Үнэгүй ашиглах Өрөөнийхөнтэйгээ: -Толь -Шкаф -Ширээ -Сандал Бусад өрөөнийхөнтэйгээ: -Шинэ гал тогооны тавилга -Том ариун цэврийн өрөө -Том үүдний өлгүүрүүд -Үүдний шкаф, ширээ -Ашиглалт+СӨХ+Цахилгаан 400К хүртэл -Өндөр хурдны интэрнэт -IPTV -Бүрэн автомат угаалгын машин -Хөргөгч -Тавцан плитка -Индүү -Индүү суурь -Хатаагч -Будаа агшаагч -Ус буцалгагч -Цаг... гэх мэт бусад олон зүйлс Хотхон дотроо: -Шүдний эмнэлэг -Дэлгүүрүүд Дэргэдээ: -Дунд гол -Их наяд худалдааны төв -Дунд голын гүүр -Нарны замын нүхэн гарц Ойролцоо: -Талбай -Шангрила -Цэцэрлэгт хүрээлэн -Парк -Багшийн дээд... гэх мэтэд ойр",2025-05-08 13:20
d6a2a89a21444e6a6f292cbe108d986d,https://www.unegui.mn/adv/8605489_zaisan-star-okhidyn-emegteichuudiin-bair-khostel-guest-house/,rental,10/05/2025,УБ,"Хан-Уул, Зайсан",199330,Паркет,1 тагттай,Цонх:,Вакум,Төмөр,Барьцаа байхгүй,N/A,2014,12,60.64 м²,8,N/A,Үзсэн:5549,Хажуу өрөө түрээслүүлнэ,N/A,"Гэгээнтэн болон Зайсанд төв зам дагуу, 4 замын уулварт байрлах тансаг зэрэглэлийн хотхонд бүрэн тохижилттой Хотхоны нэр: Zaisan Orgil Star Ариун цэврийн өрөөний тоо: 1 -Том ариун цэврийн өрөө -Том үүдний шкаф -Өндөр хурдны интэрнэт -IPTV -Бүрэн автомат угаалгын машин -Хөргөгч -Шарах шүүгээтэй плитка -Индүү -Индүү суурь -Хатаагч -Будаа агшаагч -Ус буцалгагч -Цаг... гэх мэт бусад олон зүйлс Хотхон дотроо: -Mango -ТүЛэЖүр -Дэлгүүрүүд Дэргэдээ: -Гэгээнтэн -Зайсан оргил -Богдын музей -Оргил рашаан сувилал Ойролцоо: -120 -Зайсан -Наадам центр -Удирдлагын академи... гэх мэт өрөөгөөр нь авч болно",2025-05-08 13:20
c7ed8866b8519cb851fd23ff953317a2,https://www.unegui.mn/adv/7553378_khotyn-tovd-buren-shine-tokhizhilttoi-bartsaagui-sar-sardaa-emegteichuudiin-khostel/,rental,10/05/2025,УБ,"Баянзүрх, Сансар",199330,Паркет,Тагтгүй,Цонх:,Вакум,Бүргэд,Барьцаа байхгүй,N/A,2024,2,45 м²,2,N/A,Үзсэн:12957,Хажуу өрөө түрээслүүлнэ,N/A,"Барьцаагүй, Сар сардаа, Буцаалттай, Онлайн, Шууд орох боломжтой, Эрэгтэй 14+, ах аав өвөөтэйгээ хамт орох бол 3+ настай эрэгтэй хүн орох боломжтой. Өндөр хурдний интэрнэт, 5G wifi, IPTV, хөргөгч, плитка, шарах шүүгээ, ус буцалгагч, будаа агшаагч, бүрэн автомат угаалгын машин, биеийн жин, хувцас хатаагч, уурын индүү, гал тогооны тавилга, хэрэгсэл, нийтийн хэсэг, тагтны хэсэг, өрөө бүр ширээ сандалнууд, жижиг ширээ, ханын тавиуртай өлгүүртэй шүүгээ, толь, өрөө бүрт шкаф, орнуудтай... гэх мэт эд зүйлс хостелуудад бий. Бүх тохижилт шинээр хийгдсэн. Байршил: Цэцэрлэгт хүрээлэн, Дүнжингарав, Кристалл таунд ойр байрлах Сүмбэр орд хотхонд бий. Олуулаа шинээр орж байгаа тохиолдолд 1 хүний тарифыг 100 000 хүртэл мөнгөн дүнгээр доош нь хямдруулах боломжтой",2025-05-08 13:20
03c764892475f1752c6aee2eaed41d1e,https://www.unegui.mn/adv/9329243_1-oroo-tureesluulne/,rental,10/05/2025,УБ,"Чингэлтэй, Дэнжийн 1000",1200000,Паркет,1 тагттай,Цонх:,Вакум,Бүргэд,1+1,N/A,2011,12,41 м²,5,N/A,Үзсэн:296,1 өрөө,N/A,1 өрөө,2025-05-08 11:56
ebf3456aecfde4a70695acedb878010f,https://www.unegui.mn/adv/9329254_khuukhdiin-100d-ogoozh-khkhk-urd-buren-tavilgatai-2oroo-bair/,rental,10/05/2025,УБ,"Сүхбаатар, 5-р хороолол",1500000,Паркет,1 тагттай,Цонх:,Вакум,Бүргэд,3+1,N/A,1990,5,56 м²,4,N/A,Үзсэн:265,2 өрөө,N/A,Хотын төвд хүүхдийн 100д Өгөөж ххк урд бүрэн тавилгатай 2өрөө байр удаан хугцаагаар түрээслүүлнэ. - 5ын 4 давхарт урагшаа болон хойшоо харсан цонхтой - Ашиглалтын зардал ороогүй сарын 1.5сая₮ барьцаа 2сая₮ - Жилийн гэрээ хийж 3 сараар түрээс авна. - Тэжээвэр амьтан болон байранд тамхи татахгүй цэвэрч гэр бүл болон гадаад иргэнд тогтвортой удаан хугцаагаар хөлслүүлнэ.,2025-05-08 11:52
3b1484fcd04caf3f71b86b742971bfaa,https://www.unegui.mn/adv/9329025_zhargalan-khotkhon/,rental,10/05/2025,УБ,"Хан-Уул, Хан-Уул, Хороо 15",5000000,Паркет,1 тагттай,Цонх:,Вакум,Бүргэд,3+1,N/A,2007,6,115 м²,3,N/A,Үзсэн:23,4 өрөө,N/A,"ХУД, 15-р хороо, Жаргалан хотхонд бүрэн тавилгатай, урагш болон хойш харсан 5цонх 1тагттай, 2а/ц өрөөтэй, 115мкв 4өрөө байрыг сарын 5саяд (3+1) түрээслүүлнэ. Түрээсийн төлбөрт хэрэглээний зардал орсон.",2025-05-08 11:15
c55995fd605bedbf7bca5d706c2b44bd,https://www.unegui.mn/adv/9329175_time-classic-tower-tsirkiin-khazhuud-117mkv-4oroo-buren-tavilgatai-bair-kholsluulne/,rental,10/05/2025,УБ,"Сүхбаатар, Цирк",6500000,Паркет,1 тагттай,Цонх:,Вакум,Бүргэд,3+1,N/A,2022,24,117 м²,13,N/A,Үзсэн:19,4 өрөө,N/A,📍Time classic tower Циркийн баруун талд 117 мкв 4 өрөө бүрэн тавилгатай байр түрээслүүлнэ. -25/13 давхарт - Сарын 6.5 сая 3+1 - Урсгал зардал+зогсоол шингэсэн үнэ 1 сарын 7.5 сая 3+1,2025-05-08 11:39
ecefe4dbae2467d1e741c0f16a002455,https://www.unegui.mn/adv/9329002_green-apartment-khotkhond-50m2-2-oroo-bair-udaan-khugatsaagaar-tureesluulen/,rental,10/05/2025,УБ,"Баянзүрх, 16-р хороолол",1200000,Паркет,1 тагттай,Цонх:,Вакум,Бүргэд,3+1,N/A,2018,16,50 м² м²,12,N/A,Үзсэн:262,2 өрөө,N/A,"Green apartment хотхонд байрлалтай 50м2 2 өрөө байр удаан хугацаагаар түрээслүүлнэ Дүүрэг: Баянзүрх Байршил: 16-р хороолол Тагт: 1 тагттай Хаалга: Бүргэд Гараж: Байхгүй Цонх: Вакум Шал: Паркет Цонхны тоо: 2 Хэдэн давхарт: 12 Ашиглалтанд орсон он: 2017 Барилгын давхар: 16 - Тавилгатай эсэх: тавилгагүй - Байршил болон ойр газар: Улсын сургууль цэцэрлэгтэй маш ойрхон - Цонхны байрлал: Урагшаа харсан 2цонхтой - Автобус болон таксины зогсоолын зай: 100м - 24 цагын камер, 24 цагын хос лифт, балкон вакум, машин тавих зогсоол эхтэй, өвөлдөө маш дулаан, зах худалдааны төвтэй ойр - Төлбөрийн нөхцөл: 3 сараар 1 сарын барьцаатай Үнэ: 1.200000 ₮",2025-05-08 11:05
c8795c8e6de122ec0152eed45dfb7519,https://www.unegui.mn/adv/9328958_4-oroo-oron-suuts/,rental,10/05/2025,УБ,"Хан-Уул, Хан-Уул, Хороо 18",5500000,Паркет,2 тагттай,Цонх:,Вакум,Төмөр,3+1,N/A,2010,7,154 м²,4,N/A,Үзсэн:29,4 өрөө,N/A,"📍ХУД 18-р хороо Рояал Гарден хотхонд 154 мкв 4 өрөө байр хөлслүүлнэ. ▪️154 мкв | 4 өрөө ▪️7/4 давхарт ▪️3 унтлагын өрөөтэй ▪️3 ариун цэврийн өрөөтэй ▪️Урагшаа, зүүн, баруун харсан цонхтой ▪️6 жижиг тагтай ▪️Хагас тавилгатай ▪️Граш байгаа тусдаа 600к 📍Үнэ: 5,500,000 📍Нөхцөл: 3+1 📍Ашиглалтын зардал ороогүй",2025-05-08 10:55
b430b1a1b6545af66dc001014278fe1c,https://www.unegui.mn/adv/9328940_khud-gerlug-vista-khotkhond-123mkv-buren-tavilatai-4oroo-bair-tureesluulne/,rental,10/05/2025,УБ,"Хан-Уул, Хан-Уул, Хороо 18",6500000,Паркет,1 тагттай,Цонх:,Вакум,Төмөр,6+1,N/A,2023,23,123 м²,20,N/A,Үзсэн:13,4 өрөө,N/A,"ХУД 18-р хороо, Gerlug vista хотхонд 123 мкв бүрэн тавилатай 4 өрөө байр түржэслүүлнэ. 🔑ҮНЭ: 6.5 сая ₮ /6+1/ Зогсоол-500.0 -Цэвэрхэн , саруулхан -Маш гоё зохион байгуулалттай -Зочны өрөө, гал тогооны тавилгатай -Унтлагын өрөө-3, мастертай -Ариун цэврийн өрөө-2 -23/20 давхарт -Урагшаа ба баруун харсан цонхтой -1 тагттай",2025-05-08 10:52
cd0bf4fc0ff742dfd980911ade4b163e,https://www.unegui.mn/adv/9327963_tokyo-town-d-gal-togoo-tusdaa-3-oroo-tureesluulne/,rental,10/05/2025,УБ,"Хан-Уул, Хан-Уул, Хороо 15",4500000,Паркет,1 тагттай,Цонх:,Вакум,Төмөр,6+1,N/A,2024,16,101.32 м²,7,N/A,Үзсэн:32,4 өрөө,N/A,"Apartment for RENT/ Түрээслүүлнэ. 📍ХУД 15 хороо Tokyo Town хотхонд 101м2 гал тогоо тусдаа 3 өрөө байрыг урт хугацаанд хөлслүүлнэ. ☑️Түрээс: 4.5 сая | 6+1 | ☑️Дотоод зохион байгуулалт сайтай урагшаа хойшоо харсан цонхтой. ☑️ Мастер унтлага (хувцасний өрөө, ариун цэврийн өрөө) ☑️Улсын болон хувийн сургууль цэцэрлэг ойр",2025-05-08 10:13
1607f692b7153ea393e5f47b48c14b9b,https://www.unegui.mn/adv/9305916_bzd-royal-castle-khotkhond-buren-tavilgatai-5-oroo-oron-suuts-tureesluulne/,rental,10/05/2025,УБ,"Баянзүрх, Баянзүрх, Хороо 3",6500000,Паркет,1 тагттай,Цонх:,Модон вакум,Төмөр,3+1,N/A,2006,7,240 м²,12,N/A,Үзсэн:19,5+ өрөө,N/A,"БЗД Royal castle хотхонд бүрэн тавилгатай 5 өрөө орон сууц түрээслүүлнэ. Засвар хийсэн, дулаан зогсоол дагалдана 📌Үнэ 6,500,000₮ 3+1 нөхцөл 🔼12/7 давхарт 🔼урагш хойш харууцтай 🔼Бүрэн тавилгатай",2025-05-08 10:04
5df73938ded1e547c558322ad7e03c62,https://www.unegui.mn/adv/9299286_4-r-khoroolold-1-oroo/,rental,10/05/2025,УБ,"Баянгол, 3, 4 хороолол",950000,Паркет,1 тагттай,Цонх:,Вакум,Бүргэд,3+1,N/A,1986,9,24 м²,9,N/A,Үзсэн:936,1 өрөө,N/A,4 хороололд байршил сайтай 1 өрөө гал тогоо тусдаа байрыг удаан хугацаагаар түрээслүүлнэ,2025-05-08 09:08
2783a48f7b1a721a514300e9f8b3073e,https://www.unegui.mn/adv/9327899_2-oroo-bair-tureesluulne/,rental,10/05/2025,УБ,"Баянзүрх, Сансар",2000000,Паркет,Тагтгүй,Цонх:,Вакум,Бүргэд,3+1,N/A,1990,1,52.2 м²,1,N/A,Үзсэн:127,2 өрөө,N/A,Сансарын 33-р сургуулийн зүүн талд байрлах бүрэн тохижилттой 2 өрөө байр түрээслүүлнэ,2025-05-08 09:15
ac70d02ab083a7d795ce730563af02f5,https://www.unegui.mn/adv/9328735_2-oroo-bair-tureesluulne/,rental,10/05/2025,УБ,"Баянгол, 10-р хороолол",1500000,Паркет,1 тагттай,Цонх:,Вакум,Бүргэд,1+1,N/A,2015,5,60 м² м²,5,N/A,Үзсэн:148,2 өрөө,N/A,Гал тогоо тусдаа 2 өрөө байр түрээслүүлнэ,2025-05-08 10:00
759b6587ab91318c4180bec7862330af,https://www.unegui.mn/adv/9328479_baganat-orgood-1-oroo-bair-tureesluulne/,rental,10/05/2025,УБ,"Баянзүрх, Улаанхуаран",1300000,Паркет,1 тагттай,Цонх:,Вакум,Бүргэд,3+1,N/A,2025,16,"32,7 м²",10,N/A,Үзсэн:113,1 өрөө,N/A,cinema next-ийн яг хажуугийн Баганат өргөөгийн 37-р байранд сая ашиглалтад орсон шинэ 1 өрөө байр түрээслүүлнэ. Төлбөрийг 6+1 авна.,2025-05-08 08:00
def2d1f890e32d3e1e71acba1be9c23a,https://www.unegui.mn/adv/9294162_ulsyn-ikh-delguuriin-ard-buren-tavilgatai-kharuuts-goiotoi-1-oroo-bair-tureesluulne/,rental,10/05/2025,УБ,"Чингэлтэй, 40 мянгат",1800000,Паркет,1 тагттай,Цонх:,Вакум,Бүргэд,6+1,N/A,2015,16,36 м²,13,N/A,Үзсэн:379,1 өрөө,N/A,Хотын ААА бүсэд улсын их дэлгүүрийн ард бүх юмтайгаа ойр бүрэн тавилгатай байр удаан хугацаагаар түрээслүүлнэ. Төлбөрийг 6+1 авна. Rent pay ээр түрээслэгч сар сардаа төлбөрөө төлж болно.,2025-05-08 07:44
ff08e6e4a30e3471cf7722fa5d8cf01f,https://www.unegui.mn/adv/9319146_khotyn-tovd-3-oroo-bair/,rental,10/05/2025,УБ,"Чингэлтэй, Урт цагаан",3500000,Паркет,2 тагттай,Цонх:,Вакум,Бүргэд,1+1,N/A,2004,9,80 м² м²,3,N/A,Үзсэн:28,3 өрөө,N/A,"Том өрөө оффис тохижилттой. 3н талруу харсан цонхтой, 2 болконтой. Бүрэн тавилгатай. Үнэ тохирно.",2025-05-08 06:16
2abc6b1ceac200af2a6c62dd48c1f351,https://www.unegui.mn/adv/9328392_2-oroo-tavilgatai-garaazhtai-bair-tureesluulne-khaais-khazhuud-soiombo-khotkhon/,rental,10/05/2025,УБ,"Хан-Уул, Зайсан",2000000,Паркет,1 тагттай,Цонх:,Вакум,Мод,3+1,N/A,2013,6,61 м²,6,N/A,Үзсэн:49,2 өрөө,N/A,"Соёмбо хотхонд иж бүрэн тавилгатай, цэвэрхэн тохилог, урагш харсан 2 цонхтой балконтой 61 мкв 2 өрөө байр удаан хугацаагаар түрээслүүлнэ.",2025-05-08 01:04
16a8c4dd5ce1229a40218bcdf9f4e325,https://www.unegui.mn/adv/9304621_nairamdal-zusland-1-oroo-oron-suuts-tureesluulne/,rental,10/05/2025,УБ,"Сонгинохайрхан, Сонгинохайрхан, Хороо 1",1000000,Паркет,Тагтгүй,Цонх:,Вакум,Бүргэд,6+1,N/A,2015,6,32 м²,3,N/A,Үзсэн:206,1 өрөө,N/A,"СХД, 1 дүгээр хороо, Найрамдал зусланд 1өрөө орон сууц түрээслүүлнэ. 32мкв Зүүн харсан харууцтай 3/6 давхарт Сарын түрээсийн үнэ:: 950.000 Ой Модон Дотор",2025-05-08 05:38
81e9353954bf4f1e6760a3eecf4dd5cb,https://www.unegui.mn/adv/9328303_kino-uildvert-gal-togoo-tusdaa-2-oroo-kholsluulne/,rental,10/05/2025,УБ,"Баянзүрх, Баянзүрх, Хороо 5",1100000,Паркет,1 тагттай,Цонх:,Вакум,Бүргэд,12+1,N/A,1999,9,54 м²,7,N/A,Үзсэн:310,2 өрөө,N/A,"#Кино үйлдвэрт 69-р сургуулийн баруун талд гал тогоо тусдаа #2 өрөө орон сууц хөлслүүлнэ. 9/8 давхарт Зүүн болон урагшаа харууцтай Сарын:1,1сая₮ /12+1/",2025-05-07 23:22
60d7ce5d033310f2192c99715b38b362,https://www.unegui.mn/adv/9152897_13-zuun-4-zamd-gal-togoo-tusdaa-1-oroo/,rental,10/05/2025,УБ,"Баянзүрх, Зүүн 4 зам",1500000,Паркет,Тагтгүй,Цонх:,Вакум,Бүргэд,3+1,N/A,1988,5,40 м² м²,1,N/A,Үзсэн:547,1 өрөө,N/A,"Тавилгатай, засвар хийсэн цэвэрхэн, сөх ашиглалтын зардал бага гардаг.",2025-05-07 20:06
6b68e1ecc197b3df4e7d3059aa512b58,https://www.unegui.mn/adv/9327228_khud-15r-khoroo-tsengeldekh-1-khotkhond-96m2-tavilgatai-4-oroo-kholsluulne/,rental,10/05/2025,УБ,"Хан-Уул, Хан-Уул, Хороо 15",4200000,Паркет,2 тагттай,Цонх:,Вакум,Бүргэд,3+1,N/A,2022,24,96 м²,11,N/A,Үзсэн:28,4 өрөө,N/A,"ХУД 15р хороо, Цэнгэлдэх 1 хотхонд 96м2 тавилгатай 4 өрөө хөлслүүлнэ. 11 сараас нэмж гараж түрээслэх боломжтой - 11 давхарт, Зүүн болон баруун харсан нийт 5 цонхтой - Автомашингүй хүүхдийн тоглоомын талбайтай - Наадам центр зэрэг хүний хэрэгцээний бүхий л үйлчилгээндээ ойрхон",2025-05-07 17:13
48ae85bb69edc4e5fae93332a1e5c785,https://www.unegui.mn/adv/9327022_hangarid-city-1-dr-4-uruu-tureesluulne/,rental,10/05/2025,УБ,"Хан-Уул, Яармаг",3000000,Паркет,1 тагттай,Цонх:,Вакум,Бүргэд,3+1,N/A,2020,13,103 м²,13,N/A,Үзсэн:32,4 өрөө,N/A,"Yarmag, Niisleliin zahirgaanii urd, Hangarid city-1 dr 103m.kb 4 uruug dulaan zogsooliin hamt udaan hugatsaagaar tureesluulne. -Ashiglaltand orsnoos hoish zaluu ger bul amidarch bsan. Anh udaa tureesleh gej bgaa -Buren tabilga tabij uguh bolomjtoi /Hervee tabilga buren bolvol sariin 3.5say 3+1/ -Hervee tavilga hereggui, zurag deerh ni tureeslevel sariin 3say tugrug 3+1 -Ashiglaltiin zardal bagtaagui -4 tsonh ni baruun, 2 tsonh ni hoish harsan",2025-05-07 16:19
f90b4b249e6980831c02975b1a102d45,https://www.unegui.mn/adv/9287647_vega-city-3-oroo-oron-suuts-tureesluulne/,rental,10/05/2025,УБ,"Хан-Уул, Хан-Уул, Хороо 15",5500000,Паркет,1 тагттай,Цонх:,Вакум,Бүргэд,6+1,N/A,2024,16,94.5 м²,1,N/A,Үзсэн:100,3 өрөө,N/A,"⚜️ #Vega_city орон сууц #түрээслүүлнэ. ▫️94,5мкв талбайтай 3 өрөө байр, ▫️3.45м өндөр таазтай тул маш цэлгэр, ▫️Бүрэн тавилгатай, ▫️1-р давхарт, баруун зүгтээ цонхтой. ▫️Төлбөрийн нөхцөл: /6+1/ ▫️Түрээсийн үнэ: 5,5сая₮",2025-05-07 15:48
9888fde9f072bf2615c8014c4e0ae3a8,https://www.unegui.mn/adv/9327131_khud-18-r-khoroo-gerlug-vista-khotkhond-4-oroo-khiatad-irgend-tureesluulne/,rental,10/05/2025,УБ,"Хан-Уул, Хан-Уул, Хороо 18",6500000,Паркет,1 тагттай,Цонх:,Вакум,Төмөр вакум,6+1,N/A,2024,23,123 м²,19,N/A,Үзсэн:22,4 өрөө,N/A,"⛩️ХУД 18-р хороо, Гэрлүг виста хотхонд 123м² бүрэн тавилгатай 4 өрөө байрыг гадаадын иргэнд түрээслүүлнэ. 🔑 6.500.000₮ | 6+1 | 4өрөө ▪️23/19 давхарт ▪️Цэвэрхэн , саруулхан ▪️Маш гоё зохион байгуулалттай ▪️Зочны өрөө, гал тогооны тавилгатай ▪️Унтлагын өрөө-3, мастертай ▪️Ариун цэврийн өрөө-2 ▪️Урагшаа ба баруун харсан цонхтой ▪️1 тагттай",2025-05-07 16:50
2d6438271aac43470b00b076995d21fc,https://www.unegui.mn/adv/9326115_tsirkiin-baruun-tald-time-classic-tower-t-117-mkv-4-oroo-bair-tureesluulne/,rental,10/05/2025,УБ,"Сүхбаатар, Цирк",6500000,Паркет,1 тагттай,Цонх:,Вакум,Төмөр,3+1,N/A,2023,22,117 м²,13,N/A,Үзсэн:12,4 өрөө,N/A,🌱Циркийн баруун талд Time classic tower-т 117 мкв 4 өрөө бүрэн тавилгатай байр түрээслүүлнэ. 🔑ҮНЭ: 6.5сая ₮ /3+1/ Нэмэлт мэдээлэл: ▪️117 мкв | 25/13 давхарт ▪️Цонх- зүүн болон хойшоо ▪️Зогсоол тусдаа-500.0 ▪️Ашиглалтын зардал-500.0,2025-05-07 15:23
29ae1e9516e24c93825a6769218993c0,https://www.unegui.mn/adv/9224051_khud-15-r-khoroo-narkhan-khotkhond-180m2-5-oroo-zogsoolyn-khamt-tureesluulne/,rental,10/05/2025,УБ,"Хан-Уул, Нархан хотхон",2000000,Паркет,2 тагттай,Цонх:,Модон вакум,Бүргэд,3+1,N/A,2005,4,187 м²,5,N/A,Үзсэн:204,5+ өрөө,N/A,"5 давхар байрны 5,6 н давхарт байрлах доороо зочин, галтогооны өрөөтэй ,дээрээ 3-н унтлагын өрөөтэй 5-н давхартай баруун,зүүн харсан 2 тагттай,2 ариун цэвэрийн өрөөтэй1 угаалгын өрөө,давхар тус бүрдээ хувцасны өрөөтэй Удаан хугацаагаар зөвхөн гэр бүлийн хүмүүст түрээслүүлнэ",2025-05-07 15:13
897abc5bb464e9fa616f56face8241e3,https://www.unegui.mn/adv/9271966_zaisand-4-oroo-bair-tureesluulne/,rental,10/05/2025,УБ,"Хан-Уул, Зайсан",3800000,Паркет,2 тагттай,Цонх:,Вакум,Төмөр вакум,6+1,N/A,2019,6,175 м²,1,N/A,Үзсэн:30,4 өрөө,N/A,"Зайсан Анома хотхонд бүрэн тавилгатай 4 өрөө байр урт хугацаагаар гадаад гэр бүлд түрээслүүлнэ. Оффисоор ашиглах боломжтой. 5/1 давхарт 1 дулаан зогсоолтой. Гадна зогсоол сайтай. Нам гүм, маш дулаахан. Төлбөрийг 6 сараар авна.",2025-05-07 14:02
00b709ca35f7e1e879ab99c421d8521a,https://www.unegui.mn/adv/9259834_khotyn-a-bused-2-oroo-bair-tureesluulne/,rental,10/05/2025,УБ,"Сүхбаатар, Сүхбаатар, Хороо 1",1900000,Паркет,Тагтгүй,Цонх:,Вакум,Бүргэд,3+1,N/A,1980,5,50 м² м²,5,N/A,Үзсэн:191,2 өрөө,N/A,"СБД 1хороо, Баянгол зочид буудлын баруун талд бүрэн тавилагатай гал тогоо тусдаа 2 өрөө байр түрээслүүлнэ",2025-05-07 14:26
0551e871ca98bfc0b89fc1e4ab37b07a,https://www.unegui.mn/adv/8312894_emegtei-khostel/,rental,10/05/2025,УБ,"Баянзүрх, Баянмонгол хороолол",320000,Паркет,1 тагттай,Цонх:,Вакум,Бүргэд,1+1,N/A,2016,13,200 м² м²,13,N/A,Үзсэн:714,Хажуу өрөө түрээслүүлнэ,N/A,"Баянмонгол хорооллын хойно нарны зам дагуу эмэгтэй хостел 👉Нэг өрөөнд найзуудаараа 1 Өрөөнд 2,3,6 уулаа байх боломжтой 👉Худалдаа үйлчилгээ бүх зүйлтэй ойр. Шангрила, Их наяд, Нарантуул, Дүнжингарав, СЭЗИС, МУБИС, АШУИС бүгд 10-15 минут дотор алхах зайд 👉1 ариун цэврийн өрөөтэй 👉Гал тогоонд иж бүрэн цахилгаан хэрэгсэл болон хоолны хэрэгсэлтэй 👉Аюулгүй камертай орчин 👉Тав тухтай, саруул орчин Та зөвхөн хувийн эд зүйлсээ авчрахад л болно. Цэвэрч нямбай, нөхөрсөг охид бүсгүй таныг урьж байна.",2025-05-07 14:23
d1307e9da8fbcc4587aba597a27b472e,https://www.unegui.mn/adv/9075580_iaarmagt-artsadyn-am-arvai-villa-khotkhond-3-oroo-bair-tureesluulne/,rental,10/05/2025,УБ,"Хан-Уул, Яармаг",1600000,Паркет,2 тагттай,Цонх:,Вакум,Төмөр вакум,3+1,N/A,2024,16,81 м²,14,N/A,Үзсэн:389,3 өрөө,N/A,"Худ 4хороо арцадын ам, арвай вилла хотхонд 81.27мкв 3 өрөө байр түрээслүүлнэ 16/14 давхарт Баруун, хоошой харууцтай 1.600.000 (6+1) 1.500.000 (12+1)",2025-05-07 14:21
f531c6106e6f18ec51a63c5287e70472,https://www.unegui.mn/adv/9336618_khan-uul-21r-khoroo-shurt-khotkhon-3-oroo/,rental,10/05/2025,УБ,"Хан-Уул, Хан-Уул, Хороо 21",1800000,Паркет,1 тагттай,Цонх:,Вакум,Бүргэд,4+1,N/A,2023,12,75.89 м²,7,N/A,Үзсэн:23,3 өрөө,N/A,Удаан хугацаагаар түрээслүүлнэ. Хувцасны Өрөөтэй,Өнөөдөр 20:09
2850e39aeae365e5419c227fe9a1892b,https://www.unegui.mn/adv/9300418_bzd-13r-khoroolol-naturyn-urd-arig-burd-khotkhon-2oroo-tavilgatai-gratzhtai/,rental,10/05/2025,УБ,"Баянзүрх, Натур худалдааны төв",1850000,Паркет,1 тагттай,Цонх:,Вакум,Бүргэд,3+1,N/A,2014,12,70 м² м²,6,N/A,Үзсэн:167,3 өрөө,N/A,БЗД 13-р хороолол Натурын урд Ариг бүрд хотхонд бүрэн тавилгатай гражтай 2 өрөө байр хөлслүүлнэ. -Төлбөрийг 3сар +1сар барьцаатай авна.,Өнөөдөр 17:31
bff03f14bd7eca31ce58f03579d63eca,https://www.unegui.mn/adv/9017392_tokhilog-1-oroo-bair/,rental,10/05/2025,УБ,"Баянзүрх, 13-р хороолол",1900000,Паркет,1 тагттай,Цонх:,Вакум,Бүргэд,3+1,N/A,2015,10,38 м²,5,N/A,Үзсэн:899,1 өрөө,N/A,"БЗД, 25-р хороо Шинэ монгод сургуулийн урд тохилог хэрэглээний зүйлс бүрэн, хувцастайгаа ирэхэд л болно",Өнөөдөр 16:18
7b5c30abe77278e6f4639094ec05b1fc,https://www.unegui.mn/adv/9336176_1-uruu-bair/,rental,10/05/2025,УБ,"Баянзүрх, Сансар",900000,Паркет,1 тагттай,Цонх:,Вакум,Бүргэд,12+1,N/A,2010,6,25 м²,3,N/A,Үзсэн:202,1 өрөө,N/A,Sansart 1 uruu bair,Өнөөдөр 17:26
486d2f6ffa7d86d95bd0dfc52b47028e,https://www.unegui.mn/adv/9328207_buiant-ukhaa1-khoroolold-1-oroo-bair-tureesluulne/,rental,10/05/2025,УБ,"Хан-Уул, Буянт Ухаа хороолол",1200000,Паркет,1 тагттай,Цонх:,Вакум,Бүргэд,3+1,N/A,2014,9,39 м²,6,N/A,Үзсэн:115,1 өрөө,N/A,"Буянт-Ухаа1 хороололд бүрэн тавилгатай 1 өрөө байр удаан хугацаагаар түрээслүүлнэ. Шкаф, ханын тавилга, жижиг ор болдог буйдан, цахилгаан хэрэгслүүд бүгд байгаа. үүдэндээ улсын цэцэрлэг, эмийн сан, хүнсний дэлгүүртэй. улсын сургуультай ойрхон.",Өнөөдөр 15:01
e9e68379940f269edadddcb37d886f75,https://www.unegui.mn/adv/9324237_iaarmag-bogd-villa-khotkhond-3-oroo/,rental,10/05/2025,УБ,"Хан-Уул, Яармаг",1600000,Паркет,1 тагттай,Цонх:,Вакум,Бүргэд,3+1,N/A,2021,16,68 м²,5,N/A,Үзсэн:108,3 өрөө,N/A,"☘️𝐁𝐨𝐠𝐝 𝐕𝐢𝐥𝐥𝐚-д 𝟑өрөө түрээслүүлнэ. - Үнэ: 𝟏.𝟔сая₮ - Нөхцөл 𝟑+𝟏сар - 𝟏𝟐/𝟓давхарт, Цонх хойд зүүн -Гал тогооны тавилгатай",Өнөөдөр 11:46
5f8b3d7bbe2a31e55e674825684ec17d,https://www.unegui.mn/adv/9141257_220-miangat-baiangol-zochid-buudlyn-baruun-urd-buren-tavilgatai-2-oroo-55mkv/,rental,10/05/2025,УБ,"Сүхбаатар, 220 мянгат",2200000,Паркет,1 тагттай,Цонх:,Вакум,Бүргэд,3+1,N/A,1997,5,55 м²,4,N/A,Үзсэн:720,2 өрөө,N/A,"1. Төлбөрийн нөхцөл: 3 сараар 1 сарын барьцаатай 2. Тавилгатай эсэх: Бүрэн тавилгатай 3. Байршил болон ойр газар: 220 Мянгат 24-р байр 4. Цонхны байрлал: Урагшаа, хойшоо 5. Автобус болон таксины зогсоолын зай: 300м 6. Сонирхогчид тавигдах шаардлага: Удаан хугацаанд тогтвортой суух гэр бүлийн хүмүүст болон гадаадын иргэдэд 7. Өрөөний зохион байгуулалт: Зочны өрөө гал тогоо тусдаа, 1 унтлагын өрөө, 1 ариун цэврийн өрөөтэй.",Өнөөдөр 12:01
c5c5a8428dc21f2c27040da9afd7d7e7,https://www.unegui.mn/adv/9219730_dolgoon-nuur-khoimor-offisyn-baruun-tald-2-oroo-tavilgatai-bair-tureesluulne/,rental,10/05/2025,УБ,"Сүхбаатар, Сүхбаатар, Хороо 9",1300000,Паркет,1 тагттай,Цонх:,Вакум,Бүргэд,1+1,N/A,2025,14,48m2 м²,10,N/A,Үзсэн:252,1 өрөө,N/A,"Дөлгөөн нуур, Их тойруу хүнсний захын ард 25,32мкв 1 өрөө тавилгатай түрээслүүлнэ, 1+ барьцаа 2 сая",Өнөөдөр 13:52
c35eebaa9558bd785a0dfb93dfdcec27,https://www.unegui.mn/adv/9258543_3-4-r-khoroollyn-etses-gal-togoony-tavilgatai-3-oroo/,rental,10/05/2025,УБ,"Баянгол, 3, 4 хороолол",1500000,Паркет,2 тагттай,Цонх:,Вакум,Бүргэд,3+1,N/A,1990,9,75 м²,2,N/A,Үзсэн:526,3 өрөө,N/A,"1. Төлбөрийн нөхцөл: 3 сараар 1 сарын барьцаатай 2. Тавилгатай эсэх: Гал тогооны тавилгатай 3. Байршил болон ойр газар: Хорооллын эцсийн автобусны буудлын урд 4. Цонхны байрлал: Урагшаа, хойшоо 5. Автобус болон таксины зогсоолын зай: 200м 6. Сонирхогчид тавигдах шаардлага: удаан хугацаанд тогтвортой суух хүмүүст 7. өрөөний зохион байгуулалт: зочны өрөө гал тогоо тусдаа, 2 унтлагын өрөө, 00, ванн тусдаа.",Өнөөдөр 12:00
521c637ed9a8ef6e33559dcad21df5e4,https://www.unegui.mn/adv/9317789_altai-khotkhony-urd-gerelt-orgoo-khotkhond-2-oroo-53mkv-buren-tavilgatai/,rental,10/05/2025,УБ,"Баянгол, Алтай хотхон",2000000,Паркет,1 тагттай,Цонх:,Вакум,Бүргэд,3+1,N/A,2020,14,53 м²,12,N/A,Үзсэн:63,2 өрөө,N/A,"📍Алтай хотхон/Гэрэлт Өргөө -ТҮРЭЭС 🏠 2 өрөө | 53мкв 💰2сая ₮ 3+1 🔑 Бүрэн тавилгатай 🔑 14/12 давхарт 🔑 Баруун харсан цонхтой 🔑 Цэвэрхэн 🔑 Дулаахан 🔑 Тохь тухтай 📍 Алтай хотхон, Электрон жаал сургууль, 141-р сургууль, Амила цэцэрлэг",Өнөөдөр 10:42
b5cdea9981a525fe3081c6185e94dc5d,https://www.unegui.mn/adv/9326979_tavilgatai-bair/,rental,10/05/2025,УБ,"Баянзүрх, 16-р хороолол",1300000,Паркет,1 тагттай,Цонх:,Вакум,Төмөр,3+1,N/A,2018,4,44 м²,4,N/A,Үзсэн:115,1 өрөө,N/A,"БЗД-ийн 16 дугаар хороонд бүрэн тавилгатай 2 өрөө байр түрээслүүлнэ. Цэвэрхэн саруулхан байр. Баянзүрх хүнсний зах, Буянт баян худалдааны төв, 44, 53-р улсын сургууль, 21, 8-р цэцэрлэгтэй ойрхон",Өнөөдөр 07:19
b6966d743f6f9755db7d1cab864b01b9,https://www.unegui.mn/adv/9277258_nokhoitoi-khoshoonii-baruun-tiish-narny-zam-daguu-shine-zasvartai-avto-zogsooltoi/,rental,10/05/2025,УБ,"Баянзүрх, Өгөөмөр захын зүүн",800000,Паркет,Тагтгүй,Цонх:,Вакум,Бүргэд,2+1,N/A,2023,3,50 м² м²,1,N/A,Үзсэн:3528,1 өрөө,N/A,"чулуу овооны Номингоос баруун тийш 1000метр, төв зам дагуу Нохойтой хөшөөний баруун тийш, нарны зам дагуу, шинэ засвартай, авто зогсоолтой",Өнөөдөр 04:47
18133caaf6d0913a62b49e6829255227,https://www.unegui.mn/adv/9334519_river-garden-2-202mkv-4-oroo-tureesluulne/,rental,10/05/2025,УБ,"Хан-Уул, River Garden",9500000,Паркет,1 тагттай,Цонх:,Төмөр вакум,Бүргэд,3+1,N/A,2019,11,202 м²,15,N/A,Үзсэн:49,4 өрөө,N/A,"🌱River garden 2- т 4 өрөө байр гражын хамт түрээслүүлнэ. Сарын 9,500,000₮ | 3+1 Ашиглалтын зардал болон 1 граж багтсан ☘️202,5мкв ☘️15/10 давхарт ☘️Урагшаа болон баруун харсан цонхтой 🏡 80,000м2 ногоон байгууламж ⛹🏻‍♀️ 1,5км үргэлжлэх гүйлтийн болон дугуйн зам ♦️ Авто машингүй, аюулгүй, цэвэр орчинд тоглож наадах хүүхдэд ээлтэй төлөвлөлт 🏀 Хамгийн олон төрлийн спорт талбай 🚩 Нэгдсэн худалдаа үйлчилгээ",Өнөөдөр 00:16
5a21f22c564fb6957da81a2c192770fa,https://www.unegui.mn/adv/9323798_sansar-rtsnk-khoino-2oroo-bair-tuuresluulne/,rental,10/05/2025,УБ,"Баянзүрх, Баянзүрх, Хороо 1",1700000,Паркет,1 тагттай,Цонх:,Вакум,Бүргэд,3+1,N/A,2023,12,46 м²,12,N/A,Үзсэн:212,2 өрөө,N/A,"Сансар рцнк ард , english school-н хажууд бүрэн тавилгатай 2өрөө байр богино хугацаагаар түрээслүүлнэ. Төлбөр 1.7сая 3+1 Хөргөгч, угаалгын машин, аяга таваг угаагч гээд бүгд байгаа. Агенттай хамтрахгүй.",Өчигдөр 22:22
598c0db77972fe284324b7aa5ae307c9,https://www.unegui.mn/adv/9334194_bzd-26-r-khoroo-olimp-khotkhon-82mkv-3-oroo/,rental,10/05/2025,УБ,"Баянзүрх, Олимп хотхон",2500000,Паркет,1 тагттай,Цонх:,Вакум,Бүргэд,3+1,N/A,2016,16,83 м²,2,N/A,Үзсэн:116,3 өрөө,N/A,"📣📣📣 БЗД 26-р хороо Олимп хотхон 82мкв 3 өрөө байр түрээслүүлнэ. -16/2 давхар -Зүүн харууцтай -Бүрэн тавилгатай 3+1 нөхцөлөөр удаан хугацаагаар түрээслүүлнэ ✅ 2,500,000₮",Өчигдөр 21:08
b8142aa875e1b6e77a1fee8d906f6684,https://www.unegui.mn/adv/9334020_erin-khoroolol/,rental,10/05/2025,УБ,"Баянгол, Баянгол, Хороо 29",1000000,Паркет,1 тагттай,Цонх:,Вакум,Бүргэд,3+1,N/A,2015,12,31 м²,5,N/A,Үзсэн:366,1 өрөө,N/A,Тавилгатай 1 өрөө түрээслүүлнэ.,Өчигдөр 19:47
4bb8974678e1136d5a03140c3d6ef55d,https://www.unegui.mn/adv/9333889_zaisand-4-oroo-bair-mashiny-zogsoolyn-khamt-tureesluulne/,rental,10/05/2025,УБ,"Хан-Уул, Зайсан",4500000,Паркет,2 тагттай,Цонх:,Модон вакум,Бүргэд,3+1,N/A,2014,4,178 м²,3,N/A,Үзсэн:59,4 өрөө,N/A,"Зайсанд Америк сургуулийн чанх хойно Цэцээ гүн хотхонд бүрэн тавилгатай 4 өрөө байр 1 машины дулаан гаражийн хамт удаан хугацаагаар түрээслүүлнэ. 24н цагийн харуул хамгаалалттай, цөөхөн айлтай, маш сайхан ногоон байгууламжтай нам гүм орчинтой. Сүүлийн үеийн тавилга зурагт, угаалгын машин, хөргөгч плетка гээд хүний хэрэгцээ цөм бүрэн, хэзээ ч ороход бэлэн маш гоё энергитэй байр таныг хүлээж байна. Жич: 1 жилээс дээш хугацаанд түрээслэх",Өчигдөр 19:01
272b8c5d27c7233d3139baa352940db7,https://www.unegui.mn/adv/9333372_khud-royal-garden-khotkhond-buren-tavilgatai-6-oroo-210mkv/,rental,10/05/2025,УБ,"Хан-Уул, Хан-Уул, Хороо 18",8500000,Паркет,3+ тагттай,Цонх:,Вакум,Бүргэд,6+1,N/A,2015,7,210 м²,5,N/A,Үзсэн:43,5+ өрөө,N/A,3н ариун цэврийн 2 дулаан зогсоолтой СӨХ ын төлбөр орсон дүн цэвэрхэн тохилог байр,Өчигдөр 16:11
f55fe4887386eddec8c58861ad604e8a,https://www.unegui.mn/adv/8877330_tengis-kino-teatryn-khoino-baianburdiin-toirogt-3-oroo-oron-suutsyg-tureesluulne/,rental,10/05/2025,УБ,"Чингэлтэй, Тэнгис кино театр",2200000,Паркет,1 тагттай,Цонх:,Вакум,Бүргэд,3+1,N/A,1983,9,70 м² м²,6,N/A,Үзсэн:55,3 өрөө,N/A,"Шинээр засвар хийгдсэн, маш дулаахан, гал тогоо нь тусдаа 3 өрөө байрыг удаан хугацаагаар түрээслүүлнэ. Зүүн тийшээ харсан 3, баруун тийшээ харсан 1 цонхтой, байгалийн гэрэлтүүлэг сайтай. Гаднаа хүүхдийн тоглоомын талбайтай, цэцэрлэг сургуулийн яг хажууд байршилтай.",Өчигдөр 14:51
ea34985422368edf4bfa1f775578cf03,https://www.unegui.mn/adv/9322149_bzd-sansar-imart-urd-sansar-garden-khotkhond-shine-80m2-3-oroo/,rental,10/05/2025,УБ,"Баянзүрх, Чингис зочид буудал",3300000,Паркет,1 тагттай,Цонх:,Вакум,Бүргэд,3+1,N/A,2023,25+,80 м² м²,23,N/A,Үзсэн:85,3 өрөө,N/A,"БЗД, сансар имарт урд Сансар Гардэн хотхонд шинэ 80м2 3 өрөө хөлслүүлнэ. - Гал тогооны тавилгатай - 23 давхарт, баруун болон хойш харсан цонхтой - Мастер унтлагын өрөөтэй - Харагдац сайтай 3.3сая 3+1",Өчигдөр 15:37
6da5dc6714a7062f0e02f2e88ed30d34,https://www.unegui.mn/adv/9251538_gal-togoo-tusdaa-1-oroo-tagttai/,rental,10/05/2025,УБ,"Сүхбаатар, 100 айл",1100000,Паркет,1 тагттай,Цонх:,Вакум,Төмөр,3+1,N/A,1994,5,38 м²,2,N/A,Үзсэн:313,1 өрөө,N/A,"1 жилээс дэээш хугацаагаар түрээслүүлнэ, хугацаанаас хамаарч үнэ тохирно",Өчигдөр 13:34
ebb6e68f7a5f20c315130b730f2e8be2,https://www.unegui.mn/adv/9327480_tov-zam-avtobusni-buudaltai-oir-2-oroo-bair-tureesluulne/,rental,10/05/2025,УБ,"Баянзүрх, Сансар",1600000,Паркет,1 тагттай,Цонх:,Вакум,Төмөр,1+1,N/A,2000,5,100 м² м²,8,N/A,Үзсэн:192,2 өрөө,N/A,"Сансарт автобусны буудал, төв замд ойр маш тухтай байрлалд 2 өрөө угсармалын орон сууц түрээслүүлнэ. Засвар хийсэн. Урт хугацаагаар түрээслэх хүн холбогдоно уу.",Өчигдөр 12:25
24d2f28b31e3d73e3926afdc22bfbaf5,https://www.unegui.mn/adv/9189476_19-khoroolol-uildverchnii-20r-bair-3-oroo-tureesluulne/,rental,10/05/2025,УБ,"Хан-Уул, Хан-Уул, Хороо 3",1600000,Паркет,1 тагттай,Цонх:,Вакум,Бүргэд,3+1,N/A,2016,10,68 м²,13,N/A,Үзсэн:107,3 өрөө,N/A,"📣📣📣ХУД 3-р хороо, Үйлдвэрчний 20-р байранд 3 өрөө байр түрээслүүлнэ. 🔸Бүрэн тавилгатай 🔸68м2 🔸Урагшаа харсан 3 цонхтой 🔸13/10 давхарт 🔸1 тагттай 🔸Нийслэлийн 18-р сургуулийн харьяа Түрээсийн төлбөр: 1.6 сая Төлбөрийн нөхцөл: 3+1 Жил буюу түүнээс дээш хугацаагаар түрээслүүлнэ.",Өчигдөр 10:00
9e2dee21abb68e69552bcabfc413a853,https://www.unegui.mn/adv/9331736_vega-city-khotkhond-4-oroo/,rental,10/05/2025,УБ,"Хан-Уул, Хан-Уул, Хороо 15",6500000,Паркет,1 тагттай,Цонх:,Вакум,Бүргэд,3+1,N/A,2023,16,143 м²,3,N/A,Үзсэн:51,4 өрөө,N/A,"📍ХУД 15-р хороо, Имарт ын баруун талд байрлалтай VEGA CITY хотхонд 143.37 мкв цоо шинэ 4 өрөө хөлслүүлнэ. ▪️143.37 мкв | 4 өрөө ▪️3 давхарт ▪️Мастер унтлагын өрөөтэй ▪️2 ариун цэврийн өрөө ▪️Хойшоо харсан цонхтой ▪️Үүдний шкаф, гал тогооны тавилга хийж өгнө ▪️ Өрөөний зохион байгуулалт тохиромжтой ▪️Харуул хамгаалалт, хүүхдийн тоглоомын талбай, зогсоол гэх мэт аюулгүй тохилог орчин бүрдсэн",Өчигдөр 08:41
d58565e7570abbc4665bd5c6a98db881,https://www.unegui.mn/adv/9305088_khoroolol-1000-yn-khoino-zasvar-khiisen-khazhuu-oroonuud-kholsluulne-1-2-okhind/,rental,10/05/2025,УБ,"Баянгол, 3, 4 хороолол",600000,Паркет,1 тагттай,Цонх:,Вакум,Төмөр,1+1,N/A,1990,9,70 м² м²,3,N/A,Үзсэн:824,Хажуу өрөө түрээслүүлнэ,N/A,"3,4 хороололд1000 нэрийн хойно засвар хийсэн цэвэрхэн хажуу өрөө ганц бие эмэгтэйд түрээслүүлнэ.Эхний сар 1+1.Дараагийн сараас түрээс сар сардаа.600.000",Өчигдөр 06:07
df75dc4eaaddc850ab38454cc5598a8c,https://www.unegui.mn/adv/9317876_khan-hills-khotkhond-tavilgatai-tseverkhen-3-oroo-tureesluulne/,rental,10/05/2025,УБ,"Хан-Уул, Хансвилл хотхон",3200000,Паркет,1 тагттай,Цонх:,Вакум,Вакум,3+1,N/A,2016,16,106 м²,6,N/A,Үзсэн:154,3 өрөө,N/A,"📍Ханхиллс хотхонд 106мкв хагас тавилгатай 3 өрөө түрээслүүлнэ. ✔️1сарын түрээс : 3.200.000₮ ✔️Төлбөрийн нөхцөл /3+1/ ✔️14/6 давхарт | Баруун харсан Тайлгын мэдээлэл : Үүдний шүүгээ, гал тогооны тавилга, угаалгын машин, хөргөгч , хиншүү сорогч пилетик , ширээ, сагдал байгаа. - Хувцасны шүүгээ, гоо сайханы ширээ, том өрөөний зурагтны тавиур, зурагт, буйдан байгаа.",Өчигдөр 01:03
735a148ef43563509bb01b7fea0f1b26,https://www.unegui.mn/adv/9331532_tsirk-time-classic-tower-4-oroo/,rental,10/05/2025,УБ,"Сүхбаатар, 220 мянгат",6500000,Паркет,1 тагттай,Цонх:,Вакум,Бүргэд,3+1,N/A,2019,13,117 м²,25,N/A,Үзсэн:175,4 өрөө,N/A,"Циркийн баруун талд байрлалтай Time classic tower т 117 мкв 4 өрөө бүрэн тавилгатай байр түрээслүүлнэ. -25/13 давхарт, Зүүн харсан 4 цонхтой - Хотынхоо төвд бүх үйлчилгээндээ ойрхон Зогсоол нэмж түрээслэх боломжтой - 500.000",2025-05-08 23:24
fd83b0163bb6ea18272ed5728d8626e7,https://www.unegui.mn/adv/9330357_bzd-26-khoroo-true-l-khotkhond-mastertai-3-oroo-tureesluulne/,rental,10/05/2025,УБ,"Баянзүрх, Баянзүрх, Хороо 26",2500000,Паркет,1 тагттай,Цонх:,Вакум,Бүргэд,6+1,N/A,2020,16,75 м²,1,N/A,Үзсэн:118,3 өрөө,N/A,📍БЗД 26 хороо True L хотхонд мастертай 3 өрөө түрээслүүлнэ. ✅16/1 давхарт ✅Урагшаа харсан цонхтой ✅75 мкв ✅Мастертай 3 өрөө 💸2.500.000 6+1,2025-05-08 16:26
64178e02967573a3e1da2e4551085f30,https://www.unegui.mn/adv/9331312_zaisan-luxury-village-khotkhon-3-oroo/,rental,10/05/2025,УБ,"Хан-Уул, Зайсан",3000000,Паркет,1 тагттай,Цонх:,Вакум,Бүргэд,3+1,N/A,2009,5,127.12 м²,1,N/A,Үзсэн:116,3 өрөө,N/A,"ХУД 11р хороо, Zaisan Luxury Village хотхонд 127.12 м² талбайтай, 3 өрөө тохилог орон сууцыг дулаан зогсоолын хамт удаан хугацаагаар түрээслүүлнэ. Түрээсийн үнэ: 3,000,000₮ /сар Төлбөрийн нөхцөл: 3+1 (3 сарын түрээс + 1 сарын барьцаа) Зогсоолын үнэ: • Зун: 150,000₮ • Өвөл: 250,000₮ • 1 давхарт, Том тагттай • Урагш болон хойш харсан цонхтой • 2 ариун цэврийн өрөө • 24 цагийн харуул хамгаалалт • Хүүхдийн аюулгүй тоглоомын талбай • Тайван, ногоон бүсэд байрлалтай",2025-05-08 21:43
50b08e0261d2aab7e66a6cbecc2ee606,https://www.unegui.mn/adv/9330197_orchlon-hobby-isu-surguuliudyn-khazhuud-gerlug-vista-gerlug-vista-khotkhond-4-oroo/,rental,10/05/2025,УБ,"Хан-Уул, Хан-Уул, Хороо 18",6500000,Паркет,2 тагттай,Цонх:,Вакум,Бүргэд,6+1,N/A,2024,23,123 м²,20,N/A,Үзсэн:59,4 өрөө,N/A,"🌱ХУД 18-р хороо, Гэрлүг виста хотхонд 123мкв бүрэн тавилатай 4 өрөө байрыг гадаадын иргэнд түрээслүүлнэ. 💰Түрээсийн төлбөр: 6.500.000₮ / 6+1 -Цэвэрхэн, саруулхан -Маш гоё зохион байгуулалттай -Зочны өрөө, гал тогооны тавилгатай -Унтлагын өрөө-3, мастертай -Ариун цэврийн өрөө-2 -23/20 давхарт -Урагшаа ба баруун харсан цонхтой -1 тагттай Граш тусдаа 500,000",2025-05-08 15:45
c1d848b55424c29cd107543d88a30626,https://www.unegui.mn/adv/9330224_koyo-town-khotkhond-2-oroo-52-37m2-bair-tureesluulne/,rental,10/05/2025,УБ,"Баянгол, Алтай хотхон",1300000,Паркет,1 тагттай,Цонх:,Вакум,Төмөр,6+1,N/A,2023,16,52.37 м²,3,N/A,Үзсэн:358,2 өрөө,N/A,"2023 онд ашиглалтанд орсон Koyo Town хотхоны 3-давхарт 52.37м2 2-өрөө байраа түрээслүүлнэ. Төлбөрийн нөхцөл: 6+1 ✔️3 давхарт /Шатаар гарч ороход амар. 24 цагийн лифттэй/ ✔️Наран талдаа цэлгэр цонхнуудтай өдөржин нар үзнэ ✔️Гал тогооны ком, Хөргөгч, үүдний өлгүүр гутлын шкаф, жижиг өрөөнд диван болон шкафтай ✔️Дуу тусгаарлалт сайн айлуудын чимээ сонсогдохгүй ✔️Харуул хамгаалалт камержуулалт сайн 24 цаг ✔️Хүнс барааны зах, pizza hut, фитнесс яг хотхоны хажууд “Гүрү худалдааны төв” ✔️Асралт мед эмнэлэгийн хажууд",2025-05-08 16:05
56304a62695fc191bb5faeb9be791606,https://www.unegui.mn/adv/9329423_iaarmag-enkanto-oranzh-60m2-3-oroo-tureesluulne/,rental,10/05/2025,УБ,"Хан-Уул, Яармаг",2100000,Паркет,Тагтгүй,Цонх:,Вакум,Мод,6+1,N/A,2022,15,61 м²,14,N/A,Үзсэн:92,3 өрөө,N/A,1 жилээс дээш хугацаанд амьдрах цэвэрч гэр бүлд,2025-05-08 12:32
f2c939caa1a5b6517b56f7f67572e2d0,https://www.unegui.mn/adv/9328287_tsengeldekh-khotkhond-4-oroo/,rental,10/05/2025,УБ,"Хан-Уул, 120 мянгат",4200000,Паркет,1 тагттай,Цонх:,Вакум,Бүргэд,3+1,N/A,2019,23,96 м²,11,N/A,Үзсэн:301,4 өрөө,N/A,"ХУД 15р хороо, Цэнгэлдэх 1 хотхонд 96м2 тавилгатай 4 өрөө хөлслүүлнэ. 11 сараас нэмж гараж түрээслэх боломжтой - 11 давхарт, Зүүн болон баруун харсан нийт 5 цонхтой - Автомашингүй хүүхдийн тоглоомын талбайтай - Наадам центр зэрэг хүний хэрэгцээний бүхий л үйлчилгээндээ ойрхон",2025-05-07 23:14
b6d62f755127cdfeaf9c6611c5f685cc,https://www.unegui.mn/adv/9329059_gerlug-vistad-khotkhond-3-oroo-shine-oron-suutsyg-gadaadyn-irgend-tureesluulne/,rental,10/05/2025,УБ,"Хан-Уул, Хан-Уул, Хороо 15",5000000,Паркет,1 тагттай,Цонх:,Вакум,Бүргэд,3+1,N/A,2024,22,77 м²,23,N/A,Үзсэн:97,3 өрөө,N/A,"ХУД 18-р хороо Гэрлүг Вистад 3 өрөө шинэ орон сууцыг гадаадын иргэнд түрээслүүлнэ ▪️77.14мкв, бүрэн тавилгатай ▪️2 унтлага, 1 х.ц өрөөтэй ▪️23/22 давхарт бөгөөд зүүн зүгрүү харсан гайхалтай харагдацтай 📍 Имарт дэлгүүр, Орчлон Хобби, ОУ сургуулиудтай ойр үнэ: 5 сая₮ /3+1/ жилээр гэрээ хийнэ/ /АШИГЛАЛТЫН ЗАРДАЛ багтсан/ ☎️",2025-05-08 11:15
e39d69dcc2d66189020aa4365d5c7937,https://www.unegui.mn/adv/9249486_khunnu-2222-1-r-eelzhind-117-mkv-izh-buren-tavilgatai-4-oroo-bair/,rental,10/05/2025,УБ,"Хан-Уул, Хүннү",3500000,Паркет,2 тагттай,Цонх:,Вакум,Мод,3+1,N/A,2018,1,117 м²,1,N/A,Үзсэн:324,4 өрөө,N/A,"Хүннү 2222, 1-р ээлжинд 117 мкв, иж бүрэн тавилгатай 4 өрөө байр түрээслүүлнэ. ▫️Хувцасаа аваад нүүж ороход бэлэн, иж бүрэн тохижилттой. ▫️Урагшаа, хойшоо харууцтай ▫️Канад сургуультай ойр, хүүхдийн тоглоомын талбай, ногоон байгууламжтай аюулгүй цэвэрхэн орчин 📌Төлбөрийн нөхцөл 3+1, 3,5сая Fully furnished, 4 room apartment for RENT 📍Location: Khan-Uul district, Hunnu 2222 residence More information: ▫️117sqm | 4 room | 2 bathroom ▫️Fully furnished, including kitchen electric appliances ▫️Walking distance to numerous restaurants, supermarket, and Canadian School of Mongolia, Hobby International School, Orchlon International school ▫️24/7 security, safe environment for child ▫️Long term stay is preferable ▫️warm car parking space 💰Monthly rental fee: 3,500,000 MNT Term of the rental: 1 month deposit+3 months rental fee",2025-05-07 16:11
b9ca143e866efa30d1a09336a8da717e,https://www.unegui.mn/adv/9328072_khangai-khotkhond-1-oroo-bair-tureesluulne/,rental,10/05/2025,УБ,"Сүхбаатар, Сүхбаатар, Хороо 11",800000,Паркет,1 тагттай,Цонх:,Вакум,Бүргэд,Тохиролцоно,N/A,2016,12,20 м² м²,6,N/A,Үзсэн:996,1 өрөө,N/A,Хотын төвд бүх үйлчилгээнд ойр маш цэвэрхэн засвар хийсэн,2025-05-07 21:56
e51888bf4b943713e8072b798733f1f1,https://www.unegui.mn/adv/9321008_zamiin-tsagdaagii-ard-hagas-tavilgatai-3-uruu-bair-tureesluulene/,rental,10/05/2025,УБ,"Сүхбаатар, Сүхбаатар, Хороо 1",3200000,Паркет,1 тагттай,Цонх:,Вакум,Бүргэд,3+1,N/A,2019,12,80m2 м²,3,N/A,Үзсэн:80,3 өрөө,N/A,Hotiin tuvd,2025-05-07 14:14
1b567209a89220cc43e4501e1d7da47b,https://www.unegui.mn/adv/9325806_khan-uul-duurgiin-zuun-tald-4-oroo-bair-zogsoolyn-khamt-tureesluulne/,rental,10/05/2025,УБ,"Хан-Уул, Хан-Уул, Хороо 20",3000000,Паркет,2 тагттай,Цонх:,Вакум,Бүргэд,2+1,N/A,2006,6,75 м²,4,N/A,Үзсэн:77,4 өрөө,N/A,"Хан-Уул дүүргийн зүүн талд гал тогооны иж бүрэн тавилгатай 3 унтлагын өрөөтэй, үйлчилгээний төв, автобусны буудал болон сургууль цэцэрлэгтэй ойр(Орхон-Хасу сургууль), засвар хийсэн, 4 өрөө байр түрээслүүлнэ. Жич: Авто машины дулаан зогсоол орсон.",2025-05-07 11:54
a3476a67f343b542b75dcb3cca4dc45a,https://www.unegui.mn/adv/9325667_2-uruu-bair-tureesluulne/,rental,10/05/2025,УБ,"Хан-Уул, Хан-Уул, Хороо 18",1600000,Паркет,1 тагттай,Цонх:,Вакум,Бүргэд,3+1,N/A,2019,9,"35,5 м²",9,N/A,Үзсэн:237,2 өрөө,N/A,115-r surguuliin zuun urd,2025-05-07 11:28
af2a2c3713cac9f61d5ec9bd0ea19a27,https://www.unegui.mn/adv/9305963_sansart-khazhuu-oroo/,rental,10/05/2025,УБ,"Баянзүрх, Сансар",2000000,Паркет,1 тагттай,Цонх:,Мод,Бүргэд,3+1,N/A,1988,5,20 м² м²,5,N/A,Үзсэн:506,4 өрөө,N/A,Сансарын тойргийн хажууд Хүрмэн эмийн сангийн хажууд 22[р байранд 4өрөө байр яралтай түрээслүүлэнэ. Засвар хийгдсэн байр.,2025-05-04 13:24
0ca60ed2f0660e6313250c1a19d3e3ef,https://www.unegui.mn/adv/9311827_khurd-khoroolol-buren-tavilgatai-108m-kv-3-oroo/,rental,10/05/2025,УБ,"Хан-Уул, Хурд",2600000,Ламинат,1 тагттай,Цонх:,Вакум,Бүргэд,3+1,N/A,2014,12,108 м²,9,N/A,Үзсэн:188,3 өрөө,N/A,"Гал тогоо тусдаа, бүрэн шинэ тавилгатай 108м.кв талбатай 3-н өрөө орон сууц хөлслүүлнэ. 12 давхар байрны 9 давхарт байрлалтай, 1 орцтой, урагшаа 3, баруун тийш харсан 1 цонхтой үзэгдэх орчин сайтай. Төв цэнгэлдэх, наадмыг шууд цонхоороо үзэх боломжтой",2025-05-06 16:20
e79261afae5c22d956f0d0f14b85b712,https://www.unegui.mn/adv/9308260_bzd-nokhoitoi-khoshoonii-baruun-tald-2-oroo/,rental,10/05/2025,УБ,"Баянзүрх, Чулуун овоо",1000000,Ламинат,Тагтгүй,Цонх:,Төмөр вакум,Бүргэд,3+1,N/A,2022,4,40 м² м²,4,N/A,Үзсэн:2391,2 өрөө,N/A,"1. Төлбөрийн нөхцөл: 3 сараар 1 сарын барьцаатай. 2. Тавилгатай эсэх: гал тогооны тавилгатай. 3. Байршил болон ойр газар: нарантуул зах, тэнгэр худалдааны төв, miu их сургууль 4. Цонхны байрлал: хойшоо харсан 2цонхтой 5. Автобус болон таксины зогсоолын зай: 250м. 6.нэмэлт мэдээлэл: удаан хугацаанд тогтвортой суух ганц гэр бүлд түрээслүүлнэ. 7. Зохион байгуулалт:зочны өрөө гал тогоо хамт, унтлагын өрөө-1,ариун цэврийн өрөө-1. 8. 4/4давхарт",2025-05-06 15:50
99103022,https://www.unegui.mn/adv/9304150_tomor-zam-khotyn-a-bus-2-oroo-tureesluulne-urt-khugatsaagaar-99103022/,rental,10/05/2025,УБ,"Баянгол, Баянгол, Хороо 1",1500000,Паркет,Тагтгүй,Цонх:,Вакум,Бүргэд,6+1,N/A,1985,5,29 м²,1,N/A,Үзсэн:855,2 өрөө,N/A,"Тавилгатай цэвэрхэн дулаахан дуу чимээгүй өрхийн эмнэлэг хороо хажуудаа. Урт хугацаагаар цөөн ам бүлтэй эсвэл гадаад иргэнд. Барьцаа 2 сая, сарын түрээс 1,5 сая төлбөр 3/6/12 сараар бөөн авна.",2025-05-06 20:22
718a6765601a5c8adfd51e797e17ed2e,https://www.unegui.mn/adv/9325157_2-oroo-bair-tureesluulne/,rental,10/05/2025,УБ,"Баянзүрх, Sunrise",1700000,Паркет,1 тагттай,Цонх:,Вакум,Бүргэд,2+1,N/A,2015,16,51 м²,7,N/A,Үзсэн:293,2 өрөө,N/A,*Цэвэр агаартай Маш гоё байршилтай цэцэрлэгт хүрээлэнгийн яг хойно *Sun Rise хотхонд 2 өрөө байр түрээслүүлнэ *2+1 3+1 байж болно. *Гал тогооны тавилгатай,2025-05-07 09:18
a5d013ae0a683e1ea9da6ff9afed121b,https://www.unegui.mn/adv/9324986_chingesiin-muzein-ard-bairlaltai-1-oroo-bairyg-2025-05-10-aas-tureesluulne/,rental,10/05/2025,УБ,"Чингэлтэй, Чингэлтэй, Хороо 4",1100000,Мод,Тагтгүй,Цонх:,Вакум,Бүргэд,1+1,N/A,1988,3,28 м²,2,N/A,Үзсэн:223,1 өрөө,N/A,"Хөргөгч, цахилгаан плетика зэрэг цахилгаан хэрэгсэлүүдтэй.",Өнөөдөр 19:14
071aceaf6d10f173e6b0ea18fdea68c8,https://www.unegui.mn/adv/9295596_mogul-taun-khotkhond-khazhuu-tom-oroo/,rental,10/05/2025,УБ,"Хан-Уул, Зайсан",850000,Паркет,Тагтгүй,Цонх:,Вакум,Бүргэд,1+1,N/A,2018,10,40 м² м²,9,N/A,Үзсэн:11,Хажуу өрөө түрээслүүлнэ,N/A,"""МОГУЛ Таун"" хотхонд хажуу том өрөө түрээслүүлнэ😇 🎑Бүрэн тавилгатай гал тогоо дундаа хэрэглэх боломжтой 🚽2 ариун цэврийн өрөөтэй 🛏️2 хүний ортой 📚Цэвэрхэн том ширээтэй Үүдэндээ шкафтай 🏆Пежь, Дуков, Плетка, Хөргөгчтэй 🫧Бүрэн автомат угаалгын машинтай 🛸Интернет-тэй Орчны мэдээлэл: - Цэвэр цэнгэг агаартай - Хажуудаа НОМИН Супермаркет-тай - CU-тэй - Богд уулруугаа шууд гарах боломжтой - Автобусны буудалтай Давуу талууд: ⛰️Уулын эрүүл цэвэр агаартай 🚵Богд уул руу гарах ууланд алхагчдад хамгийн гоё байршилтай 🌄Маш дулаахан, илүү тав тухтай 😌Дуу чимээнээс ангид 🎑🏞️Хотын эко бүс буюу уулынхаа бэлд байрладгаараа давуу талтай Шаардлага: Архи тамхи хэрэглэдэггүй, Маш цэвэрч, тохьтой даруухан, тууштай удаан байх хүмүүс оруулна🙏😇🎊 Түрээсийн нөхцөл: 1+1",Өнөөдөр 18:41
eb302231263ddc522d705ec788a99c2e,https://www.unegui.mn/adv/9023102_1-2-emegtei-khund-tureeslene/,rental,10/05/2025,УБ,"Баянгол, Баянгол, Хороо 11",550000,Паркет,Тагтгүй,Цонх:,Вакум,Мод,1+1,N/A,2020,15,24 м²,5,N/A,Үзсэн:35,Хажуу өрөө түрээслүүлнэ,N/A,1 - 2 эмэгтэй хүнд тзхээслэнэ,Өнөөдөр 17:21
916379e01e6c906751dcf7373bd0112d,https://www.unegui.mn/adv/9129862_khotyn-tovd-1-emegtei-khund-tseverkhen-khazhuu-oroo-tureesluulne/,rental,10/05/2025,УБ,"Сүхбаатар, Сүхбаатар, Хороо 8",600000,Паркет,Тагтгүй,Цонх:,Вакум,Бүргэд,Тохиролцоно,N/A,2018,5,20 м² м²,2,N/A,Үзсэн:24,Хажуу өрөө түрээслүүлнэ,N/A,хотын төв автобусны буудлын хажууд 1 эмэгтэй хүнд,Өнөөдөр 19:24
19512d4a0686852b99672708db296ded,https://www.unegui.mn/adv/9336843_gal-togoo-tusdaa-1-oroo-bair-tureesluulne/,rental,10/05/2025,УБ,"Баянзүрх, 16-р хороолол",1100000,Паркет,Тагтгүй,Цонх:,Вакум,Бүргэд,3+1,N/A,2004,6,33 м²,6,N/A,Үзсэн:15,1 өрөө,N/A,"Сургууль, цэцэрлэг, худалдаа үйлчилгээний төв, автобусны буудалд ойр 1 өрөө байр удаан хугацаагаар",Өнөөдөр 21:30
259059fa3d299c3b62eed290e9006008,https://www.unegui.mn/adv/9228547_khotyn-tovd-arslantai-guurnii-urd-buren-tavilgatai-mash-tseverkhen-2-oroo-tureeslene/,rental,10/05/2025,УБ,"Баянзүрх, 13-р хороолол",2000000,Паркет,1 тагттай,Цонх:,Вакум,Бүргэд,6+1,N/A,2016,12,54.2 м²,8,N/A,Үзсэн:960,2 өрөө,N/A,"📍 хотын төвд арслантай гүүрний урд 🏠 52.4мкв | 2 өрөө 💰 2.0сая 🔑 бүрэн тавилага цахилгаан хэрэгсэлтэй нүүж ороход бэлэн 🔑 баруун харсан 2,хойшоо харсан 1 цонхтой 🔑 маш цэвэрхэн, дулаахан тохилог 🔑 харууц сайтай 🔑 СӨХ-ийн үйлчилгээ сайн 🟢Цэвэрч нямбай, урт хугацаагаар амьдрах гэр бүл, гадаадын иргэн 🟢 Гэрээг 6сар буюу түүнээс дээш хугацаагаар байгуулах боломжтой Төлбөрийн нөхцөл 6+1 ‼️Зуучтай хамтрахгүй‼️",Өнөөдөр 16:17
81af64b80c784d48d6e17ee0a1157244,https://www.unegui.mn/adv/9335485_bgd-3r-emnelgiin-zuun-tald-54m2-2-oroobair/,rental,10/05/2025,УБ,"Баянгол, 10-р хороолол",1600000,Паркет,2 тагттай,Цонх:,Вакум,Бүргэд,3+1,N/A,2014,16,54 м²,11,N/A,Үзсэн:39,2 өрөө,N/A,бүх юмтайгаа ойрхон зам дагуу 10 хороолол 3 р эмнэлэгийн зүүнталд 11 давхрын 2 өрөө 2 тагттай граштай байраа түрээслүүлэнэ,Өнөөдөр 13:47
198fea73c9e4aa9eeb4b31c538d8e486,https://www.unegui.mn/adv/9324264_baianmongol-khoroolold-1-oroa-gal-togoo-tusdaa/,rental,10/05/2025,УБ,"Баянзүрх, Баянзүрх, Хороо 26",1300000,Паркет,1 тагттай,Цонх:,Вакум,Бүргэд,3+1,N/A,2011,10,41 мкв м²,4,N/A,Үзсэн:155,1 өрөө,N/A,Удаан хугацаагаар түрээслүүлнэ,Өнөөдөр 12:10
a8044e46d60deb6f09558bd20770f184,https://www.unegui.mn/adv/9292697_saruul-khoroolold-54-6mkv-buren-tavilga-tsakhilgaan-baraatai-2-oroo/,rental,10/05/2025,УБ,"Баянзүрх, Баянмонгол хороолол",2000000,Паркет,1 тагттай,Цонх:,Вакум,Бүргэд,6+1,N/A,2014,12,54.6 м²,5,N/A,Үзсэн:42,2 өрөө,N/A,"БЗД 36-р хороо Саруул хороололд бүрэн тавилга, цахилгаан хэрэгсэлтэй 54.6 мкв 2 өрөө орон сууц түрээслүүлнэ. 💡💡Бүрэн тавилга, цахилгаан хэрэгсэлтэй. 💡💡Хувцасаа аваад ирэхэд болно. 💡💡Хотын төвд 💡💡Тавилга, цахилгаа бараа, гал тогооны хэрэгсэл шинэ. Агенттай хамтрахгүй. :) Сарын түрээс: 2.000.000MNT Төлбөрийн нөхцөл: 4+1",Өнөөдөр 11:16
b26d419dee48989847c7d610aa038ea8,https://www.unegui.mn/adv/9229457_green-garden-residence-2-oroo-tureesluulne/,rental,10/05/2025,УБ,"Хан-Уул, Хан-Уул, Хороо 23",1700000,Паркет,1 тагттай,Цонх:,Вакум,Төмөр,2+1,N/A,2024,16,44 м²,4,N/A,Үзсэн:125,2 өрөө,N/A,"Яармагт нүхт явах замд Green Garden хотхон 2024 онд ашиглалтад орсон шинэ 44мкв 2өрөө түрээслүүлнэ. ХОТХОНЫ ОНЦЛОХ давуу талууд 💐Яаралтай үед ашиглах цахилгаан үүсгүүр болон цэвэр усны нөөцтэй • Бүрэн цутгамал хийцлэлтэй 💐Зогсоолын хүртээмж сайтай 💐Эрүүл, аюулгүй 💐Дуу чимээгүй 💐Агаарын болон хөрсний бохирдолгүй Авто машин нэвтрэх боломжгүй чөлөөт бүс Гүйлт болон дугуйн замтай Спорт талбайтай Тусгай хэрэгцээтэй иргэд явах боломжтой зам талбай 250 хүүхдийн багтаамжтай Оюуны тулга сургууль 💐120 хүүхдийн багтаамжтай цэцэрлэг",Өнөөдөр 11:04
24b3f5507390ce76c9de8d866e6c4575,https://www.unegui.mn/adv/9324579_2-oroo-gal-togoo-tusdaa-balkontoi-z-tsonkhtoi-bugd-naran-taldaa-mash-dulaakhan/,rental,10/05/2025,УБ,"Чингэлтэй, Чингэлтэй, Хороо 5",1500000,Паркет,1 тагттай,Цонх:,Вакум,Бүргэд,4+1,N/A,1990,10,57 м²,9,N/A,Үзсэн:56,2 өрөө,N/A,"Гал тогооны өрөөндөө балконтой, бүх цонх наран талдаа, дулаахан",Өнөөдөр 11:00
1bba9f8b42c35498cc682c674d46f8bf,https://www.unegui.mn/adv/9311365_baruun-4-zam-modny-2t-3oroo/,rental,10/05/2025,УБ,"Баянгол, Баянгол, Хороо 18",1600000,Паркет,2 тагттай,Цонх:,Төмөр вакум,Бүргэд,3+1,N/A,1987,5,80 м² м²,2,N/A,Үзсэн:33,3 өрөө,N/A,"Модны 2-т байрлалтай угсармал байрны 2 давхарт, Том өрөө, 2 балкон, 2 унтлагын өрөө, гал тогоо тусдаа, цэвэр модон паркетан шалтай, гал тогооны тавилга, хувцасны үүдний болон ханын шкафтай цэвэрхэн, дулаахан, тохилог 3 өрөө байрыг удаан хугацаагаар түрээслүүлнэ. Суургууль, цэцэрлэг, баруун 4 зам, дэлгүүр г.м бүх юмтайгаа ойрхон. Төлбөрийг 3+1 нөхцөлөөр авна. Тохиролцоно.",Өнөөдөр 10:47
e8aa6e81700212764268f35164558f5f,https://www.unegui.mn/adv/9334859_26-r-khoroo-tsetserlegt-khureelengiin-khoino-olimp-khotkhond-3-oroo/,rental,10/05/2025,УБ,"Баянзүрх, Баянзүрх, Хороо 26",2500000,Паркет,1 тагттай,Цонх:,Вакум,Төмөр,3+1,N/A,2018,12,65 м²,4,N/A,Үзсэн:18,3 өрөө,N/A,"📌БЗД, 26-р хороо, цэцэрлэгт хүрээлэнгийн хойно Олимп хотхонд 3 өрөө бүрэн тавилгатай орон сууц хөлслүүлнэ. Төлбөрийн нөхцөл: 3+1 / 2,600,000 6+1 / 2,500,000 9+1 / 2,450,000 12+1 / 2,400,000 ▪️12/4 давхар ▪️2 АЦӨрөөтэй ▪️Зүүн болон хойш харсан цонх тагттай ▪️Бүрэн тавилгатай шууд нүүгээд ороход бэлэн байр ▪️Удаан суух хүмүүс оруулах боломжтой.",Өнөөдөр 10:21
dbf76ec5036185dda6133413036548dc,https://www.unegui.mn/adv/9250973_gerlug-2-oroo-bair-tureesluulne/,rental,10/05/2025,УБ,"Хан-Уул, Хан-Уул, Хороо 18",3500000,Паркет,1 тагттай,Цонх:,Вакум,Вакум,3+1,N/A,2024,24,59.92 м²,7,N/A,Үзсэн:47,2 өрөө,N/A,"🏢Gerlug Vista хотхонд 2 өрөө бүрэн тавилгатай байр хөлслүүлнэ. ×× ЗӨВХӨН гадаад иргэнд хөлслүүлнэ 🍀 2 өрөө || 59.92м2 🍀 1 зочны өрөө гал тогоо 🍀 1 унтлагын өрөөтэй 🍀 1 ариун цэврийн өрөө 🍀 1 Тагттай 🍀 1 дулаан зогсоолтой 🍀 Харагдац : Баруун болон Хойшоо харсан цонхтой 🌿🌿дулаан зогсоолтой тусдаа үнэтэй ---------------------------------------------------------------------------------------- Төлбөрийн нөхцөл 🍀 Сарын түрээс: /3+1 сар Барьцаа / Ашиглалтын зардал ороогүй/ 🍀Байршил: ХУД E-mart , International School of Ulaaanbaatar болон Орчлон сургуулий̆н хажууд",Өнөөдөр 09:47
